,timestamp,close,regime,mss,action,shares_traded,position,cash,portfolio_value,returns
0,2024-03-16 15:56:39.438605,94.31599197395005,Weak Bear,-0.1505072488643455,SELL,0.0,0.0,100000.0,100000.0,0.0
1,2024-03-17 15:56:39.438605,97.17016664071141,Weak Bear,-0.16462783799786038,SELL,0.0,0.0,100000.0,100000.0,0.0
2,2024-03-18 15:56:39.438605,96.7807596693543,Weak Bear,-0.18919581150500234,SELL,0.0,0.0,100000.0,100000.0,0.0
3,2024-03-19 15:56:39.438605,96.96002448752397,Weak Bear,-0.20973341973276688,SELL,0.0,0.0,100000.0,100000.0,0.0
4,2024-03-20 15:56:39.438605,94.28327469180479,Weak Bear,-0.2629808864077471,SELL,0.0,0.0,100000.0,100000.0,0.0
5,2024-03-21 15:56:39.438605,93.30896178395369,Weak Bear,-0.279106857700458,SELL,0.0,0.0,100000.0,100000.0,0.0
6,2024-03-22 15:56:39.438605,93.56296278684914,Weak Bear,-0.28204644002652535,SELL,0.0,0.0,100000.0,100000.0,0.0
7,2024-03-23 15:56:39.438605,91.47948476324079,Weak Bear,-0.3105961713505837,SELL,-112.89222631866787,0.0,100000.0,100000.0,0.0
8,2024-03-24 15:56:39.438605,92.21554316057768,Weak Bear,-0.3139837073912599,SELL,-118.23403184631451,0.0,100000.0,100000.0,0.0
9,2024-03-25 15:56:39.438605,91.15997439278136,Weak Bear,-0.3101215094620939,SELL,-116.02074290893488,0.0,100000.0,100000.0,0.0
10,2024-03-26 15:56:39.438605,90.67503294300448,Weak Bear,-0.314511870869545,SELL,-123.16093360021354,0.0,100000.0,100000.0,0.0
11,2024-03-27 15:56:39.438605,89.63518353018799,Weak Bear,-0.305546182206215,SELL,-119.41169838848379,0.0,100000.0,100000.0,0.0
12,2024-03-28 15:56:39.438605,93.06456316999342,Weak Bear,-0.16780625968567833,SELL,0.0,0.0,100000.0,100000.0,0.0
13,2024-03-29 15:56:39.438605,93.08597564802834,Weak Bear,-0.11098611042599602,SELL,0.0,0.0,100000.0,100000.0,0.0
14,2024-03-30 15:56:39.438605,91.18307665329131,Weak Bear,-0.16083315719129365,SELL,0.0,0.0,100000.0,100000.0,0.0
15,2024-03-31 15:56:39.438605,92.74188599168124,Neutral,-0.04939388396608814,BUY,0.0,0.0,100000.0,100000.0,0.0
16,2024-04-01 15:56:39.438605,90.55010483544636,Weak Bear,-0.1218972478151123,HOLD,0.0,0.0,100000.0,100000.0,0.0
17,2024-04-02 15:56:39.438605,90.97462431893986,Neutral,-0.09094714760157278,BUY,0.0,0.0,100000.0,100000.0,0.0
18,2024-04-03 15:56:39.438605,87.52173928829635,Weak Bear,-0.17984417663097269,SELL,0.0,0.0,100000.0,100000.0,0.0
19,2024-04-04 15:56:39.438605,85.27006802693231,Weak Bear,-0.2050763959180365,SELL,0.0,0.0,100000.0,100000.0,0.0
20,2024-04-05 15:56:39.438605,85.6492711630223,Weak Bear,-0.22131993784458256,SELL,0.0,0.0,100000.0,100000.0,0.0
21,2024-04-06 15:56:39.438605,86.96711397035054,Weak Bear,-0.19961808611777732,SELL,0.0,0.0,100000.0,100000.0,0.0
22,2024-04-07 15:56:39.438605,87.30933720216034,Weak Bear,-0.17786190665580318,SELL,0.0,0.0,100000.0,100000.0,0.0
23,2024-04-08 15:56:39.438605,87.15119177251597,Weak Bear,-0.140032182577563,SELL,0.0,0.0,100000.0,100000.0,0.0
24,2024-04-09 15:56:39.438605,86.67126277130744,Weak Bear,-0.1499050700506561,SELL,0.0,0.0,100000.0,100000.0,0.0
25,2024-04-10 15:56:39.438605,84.18796125952196,Weak Bear,-0.1992774292666655,SELL,0.0,0.0,100000.0,100000.0,0.0
26,2024-04-11 15:56:39.438605,83.026102718792,Weak Bear,-0.21606279849921406,SELL,0.0,0.0,100000.0,100000.0,0.0
27,2024-04-12 15:56:39.438605,82.30585715708003,Weak Bear,-0.23466946945673,SELL,0.0,0.0,100000.0,100000.0,0.0
28,2024-04-13 15:56:39.438605,84.10657276172822,Weak Bear,-0.18770565494271643,SELL,0.0,0.0,100000.0,100000.0,0.0
29,2024-04-14 15:56:39.438605,84.72892847974649,Weak Bear,-0.15661421807004944,SELL,0.0,0.0,100000.0,100000.0,0.0
30,2024-04-15 15:56:39.438605,81.83428441940241,Weak Bear,-0.21795162916952882,SELL,0.0,0.0,100000.0,100000.0,0.0
31,2024-04-16 15:56:39.438605,82.40762426474957,Weak Bear,-0.18854387428049804,SELL,0.0,0.0,100000.0,100000.0,0.0
32,2024-04-17 15:56:39.438605,81.81628562079347,Weak Bear,-0.21844534823321582,SELL,0.0,0.0,100000.0,100000.0,0.0
33,2024-04-18 15:56:39.438605,80.75645318435414,Weak Bear,-0.22529592812251642,SELL,0.0,0.0,100000.0,100000.0,0.0
34,2024-04-19 15:56:39.438605,81.7913424740725,Weak Bear,-0.18407030477147937,HOLD,0.0,0.0,100000.0,100000.0,0.0
35,2024-04-20 15:56:39.438605,83.53714562590099,Neutral,-0.056245218104520794,BUY,0.0,0.0,100000.0,100000.0,0.0
36,2024-04-21 15:56:39.438605,85.15022019867558,Weak Bull,0.10554214040741655,BUY,0.0,0.0,100000.0,100000.0,0.0
37,2024-04-22 15:56:39.438605,83.7748332063724,Neutral,0.04391612519508365,BUY,0.0,0.0,100000.0,100000.0,0.0
38,2024-04-23 15:56:39.438605,83.29998716848465,Neutral,0.029476616856144208,BUY,0.0,0.0,100000.0,100000.0,0.0
39,2024-04-24 15:56:39.438605,83.895641532366,Neutral,0.08835845529893274,BUY,0.0,0.0,100000.0,100000.0,0.0
40,2024-04-25 15:56:39.438605,85.59137907228069,Weak Bull,0.23266772638697017,BUY,0.0,0.0,100000.0,100000.0,0.0
41,2024-04-26 15:56:39.438605,84.81743147725382,Weak Bull,0.1910739114539054,BUY,0.0,0.0,100000.0,100000.0,0.0
42,2024-04-27 15:56:39.438605,84.5453352235281,Weak Bull,0.19210608149446406,BUY,0.0,0.0,100000.0,100000.0,0.0
43,2024-04-28 15:56:39.438605,82.73652842653615,Neutral,0.06921737846063095,BUY,0.0,0.0,100000.0,100000.0,0.0
44,2024-04-29 15:56:39.438605,80.82101917905592,Neutral,-0.026894671175507895,BUY,0.0,0.0,100000.0,100000.0,0.0
45,2024-04-30 15:56:39.438605,82.18621493676623,Neutral,0.0670280867439208,BUY,0.0,0.0,100000.0,100000.0,0.0
46,2024-05-01 15:56:39.438605,84.48824287181093,Weak Bull,0.25218635539905343,BUY,0.0,0.0,100000.0,100000.0,0.0
47,2024-05-02 15:56:39.438605,84.40884415170444,Weak Bull,0.24130556824420002,BUY,0.0,0.0,100000.0,100000.0,0.0
48,2024-05-03 15:56:39.438605,86.16317158634513,Weak Bull,0.35098862898186545,BUY,156.10495245294183,156.10495245294183,86549.50219631892,100000.0,0.0
49,2024-05-04 15:56:39.438605,86.83203002451584,Weak Bull,0.38643321187197494,BUY,0.0,156.10495245294183,86549.50219631892,100104.41211468838,0.10441211468839029
50,2024-05-05 15:56:39.438605,85.76175558378418,Weak Bull,0.33273599566794343,BUY,0.0,156.10495245294183,86549.50219631892,99937.33697400636,-0.06266302599363671
51,2024-05-06 15:56:39.438605,86.42708237569455,Weak Bull,0.36383440017675106,BUY,0.0,156.10495245294183,86549.50219631892,100041.1977812232,0.04119778122320117
52,2024-05-07 15:56:39.438605,89.17152939441803,Weak Bull,0.45431719816791527,BUY,0.0,156.10495245294183,86549.50219631892,100469.61955259065,0.469619552590661
53,2024-05-08 15:56:39.438605,89.15222399520917,Weak Bull,0.4508209517385627,BUY,0.0,156.10495245294183,86549.50219631892,100466.60588416507,0.4666058841650722
54,2024-05-09 15:56:39.438605,92.03216760156174,Weak Bull,0.4902074589159341,BUY,0.0,156.10495245294183,86549.50219631892,100916.1793439019,0.9161793439018906
55,2024-05-10 15:56:39.438605,87.37797614312215,Weak Bull,0.34973465252151614,BUY,0.0,156.10495245294183,86549.50219631892,100189.6370075753,0.1896370075752829
56,2024-05-11 15:56:39.438605,88.87059401216376,Weak Bull,0.4199461861330656,BUY,0.0,156.10495245294183,86549.50219631892,100422.64204905245,0.4226420490524463
57,2024-05-12 15:56:39.438605,89.06997111515908,Weak Bull,0.4251613566177752,BUY,0.0,156.10495245294183,86549.50219631892,100453.76580223574,0.45376580223572827
58,2024-05-13 15:56:39.438605,88.58318961467606,Weak Bull,0.3904904443558086,BUY,0.0,156.10495245294183,86549.50219631892,100377.77679924786,0.3777767992478642
59,2024-05-14 15:56:39.438605,88.79029217526721,Weak Bull,0.38685650399467564,BUY,0.0,156.10495245294183,86549.50219631892,100410.10653462182,0.41010653462183466
60,2024-05-15 15:56:39.438605,85.37266293306325,Weak Bull,0.14995687954624826,BUY,0.0,156.10495245294183,86549.50219631892,99876.59768426578,-0.12340231573421123
61,2024-05-16 15:56:39.438605,85.04091602085742,Weak Bull,0.1147081892832355,HOLD,-156.10495245294183,0.0,99824.81034830949,99824.81034830949,-0.17518965169051048
62,2024-05-17 15:56:39.438605,85.69330978634225,Weak Bull,0.15225619164918477,HOLD,0.0,0.0,99824.81034830949,99824.81034830949,-0.17518965169051048
63,2024-05-18 15:56:39.438605,88.3081708068447,Weak Bull,0.31673376420267585,HOLD,0.0,0.0,99824.81034830949,99824.81034830949,-0.17518965169051048
64,2024-05-19 15:56:39.438605,87.44125824564043,Weak Bull,0.2252338774955765,HOLD,0.0,0.0,99824.81034830949,99824.81034830949,-0.17518965169051048
65,2024-05-20 15:56:39.438605,86.08174443842118,Neutral,0.09568943154930609,SELL,0.0,0.0,99824.81034830949,99824.81034830949,-0.17518965169051048
66,2024-05-21 15:56:39.438605,85.26484369983139,Neutral,0.01597805902171165,SELL,0.0,0.0,99824.81034830949,99824.81034830949,-0.17518965169051048
67,2024-05-22 15:56:39.438605,86.88368438273741,Weak Bull,0.11856870851193307,HOLD,0.0,0.0,99824.81034830949,99824.81034830949,-0.17518965169051048
68,2024-05-23 15:56:39.438605,87.50056803752376,Weak Bull,0.1446872712761546,HOLD,0.0,0.0,99824.81034830949,99824.81034830949,-0.17518965169051048
69,2024-05-24 15:56:39.438605,86.62167570939387,Neutral,0.0686274284536601,SELL,0.0,0.0,99824.81034830949,99824.81034830949,-0.17518965169051048
70,2024-05-25 15:56:39.438605,87.55922572191669,Weak Bull,0.12950718087119847,HOLD,0.0,0.0,99824.81034830949,99824.81034830949,-0.17518965169051048
71,2024-05-26 15:56:39.438605,87.77326722619041,Weak Bull,0.13687660728354042,HOLD,0.0,0.0,99824.81034830949,99824.81034830949,-0.17518965169051048
72,2024-05-27 15:56:39.438605,89.53502420093174,Weak Bull,0.25781584359328164,BUY,0.0,0.0,99824.81034830949,99824.81034830949,-0.17518965169051048
73,2024-05-28 15:56:39.438605,88.33079655910352,Weak Bull,0.18721263545652023,BUY,0.0,0.0,99824.81034830949,99824.81034830949,-0.17518965169051048
74,2024-05-29 15:56:39.438605,87.79772382625978,Weak Bull,0.16412237154728193,BUY,0.0,0.0,99824.81034830949,99824.81034830949,-0.17518965169051048
75,2024-05-30 15:56:39.438605,87.15545931202425,Weak Bull,0.11546504714065259,BUY,0.0,0.0,99824.81034830949,99824.81034830949,-0.17518965169051048
76,2024-05-31 15:56:39.438605,84.68369784319792,Neutral,-0.043514652744462284,SELL,0.0,0.0,99824.81034830949,99824.81034830949,-0.17518965169051048
77,2024-06-01 15:56:39.438605,85.2293211250218,Neutral,0.0004709158352819709,SELL,0.0,0.0,99824.81034830949,99824.81034830949,-0.17518965169051048
78,2024-06-02 15:56:39.438605,85.71832454432759,Neutral,0.052115351908498656,SELL,0.0,0.0,99824.81034830949,99824.81034830949,-0.17518965169051048
79,2024-06-03 15:56:39.438605,85.76996559466451,Neutral,0.05445639554673534,SELL,0.0,0.0,99824.81034830949,99824.81034830949,-0.17518965169051048
80,2024-06-04 15:56:39.438605,85.41119243799015,Neutral,0.005464949553966952,SELL,0.0,0.0,99824.81034830949,99824.81034830949,-0.17518965169051048
81,2024-06-05 15:56:39.438605,83.06884620790534,Weak Bear,-0.12498462500349952,SELL,0.0,0.0,99824.81034830949,99824.81034830949,-0.17518965169051048
82,2024-06-06 15:56:39.438605,82.41412399256663,Weak Bear,-0.15912639175161947,SELL,0.0,0.0,99824.81034830949,99824.81034830949,-0.17518965169051048
83,2024-06-07 15:56:39.438605,81.89210102061847,Weak Bear,-0.19857698563867027,SELL,0.0,0.0,99824.81034830949,99824.81034830949,-0.17518965169051048
84,2024-06-08 15:56:39.438605,80.6288877564664,Weak Bear,-0.2262286457933337,SELL,0.0,0.0,99824.81034830949,99824.81034830949,-0.17518965169051048
85,2024-06-09 15:56:39.438605,80.40941569443441,Weak Bear,-0.2448095114839361,SELL,-128.6813167177919,0.0,99824.81034830949,99824.81034830949,-0.17518965169051048
86,2024-06-10 15:56:39.438605,81.10237918208279,Weak Bear,-0.23966750297488815,SELL,-124.79620049203783,0.0,99824.81034830949,99824.81034830949,-0.17518965169051048
87,2024-06-11 15:56:39.438605,84.26242323152526,Neutral,-0.05083736138672415,SELL,0.0,0.0,99824.81034830949,99824.81034830949,-0.17518965169051048
88,2024-06-12 15:56:39.438605,84.59943358461422,Neutral,0.005597405606521305,SELL,0.0,0.0,99824.81034830949,99824.81034830949,-0.17518965169051048
89,2024-06-13 15:56:39.438605,85.07885898742241,Neutral,0.06552555065186957,BUY,0.0,0.0,99824.81034830949,99824.81034830949,-0.17518965169051048
90,2024-06-14 15:56:39.438605,84.99476453364913,Neutral,0.0755094039522467,BUY,0.0,0.0,99824.81034830949,99824.81034830949,-0.17518965169051048
91,2024-06-15 15:56:39.438605,81.8357538353916,Weak Bear,-0.14400481125311262,HOLD,0.0,0.0,99824.81034830949,99824.81034830949,-0.17518965169051048
92,2024-06-16 15:56:39.438605,81.83327609012979,Weak Bear,-0.12271924077196103,SELL,0.0,0.0,99824.81034830949,99824.81034830949,-0.17518965169051048
93,2024-06-17 15:56:39.438605,81.97288839421046,Neutral,-0.09171771820554367,SELL,0.0,0.0,99824.81034830949,99824.81034830949,-0.17518965169051048
94,2024-06-18 15:56:39.438605,86.15546574744086,Weak Bull,0.28648661445412266,BUY,132.76200015833282,132.76200015833282,88386.6383911065,99824.81034830949,-0.17518965169051048
95,2024-06-19 15:56:39.438605,85.86756660964113,Weak Bull,0.29212589888949303,BUY,0.0,132.76200015833282,88386.6383911065,99786.58828293133,-0.2134117170686678
96,2024-06-20 15:56:39.438605,86.43019838228363,Weak Bull,0.33956128975582134,BUY,0.0,132.76200015833282,88386.6383911065,99861.28440241999,-0.13871559758000807
97,2024-06-21 15:56:39.438605,86.41341220892556,Weak Bull,0.34576464351636216,BUY,0.0,132.76200015833282,88386.6383911065,99859.05583646995,-0.14094416353004346
98,2024-06-22 15:56:39.438605,84.45926413733804,Weak Bull,0.21342931932189424,BUY,0.0,132.76200015833282,88386.6383911065,99599.61922988045,-0.4003807701195461
99,2024-06-23 15:56:39.438605,86.45515093700851,Weak Bull,0.36612255366297086,BUY,0.0,132.76200015833282,88386.6383911065,99864.59715349432,-0.13540284650567225
100,2024-06-24 15:56:39.438605,87.80903975739878,Weak Bull,0.43092785335005723,BUY,0.0,132.76200015833282,88386.6383911065,100044.34214128133,0.044342141281328296
101,2024-06-25 15:56:39.438605,89.25389782314646,Weak Bull,0.47487362226483854,BUY,0.0,132.76200015833282,88386.6383911065,100236.1643880349,0.23616438803490958
102,2024-06-26 15:56:39.438605,87.68907714717807,Weak Bull,0.43063885373504596,BUY,0.0,132.76200015833282,88386.6383911065,100028.41566520421,0.028415665204217788
103,2024-06-27 15:56:39.438605,90.2292117461327,Weak Bull,0.49536141911681264,BUY,0.0,132.76200015833282,88386.6383911065,100365.64901523282,0.36564901523281623
104,2024-06-28 15:56:39.438605,87.77846600536536,Weak Bull,0.40460334851775115,BUY,0.0,132.76200015833282,88386.6383911065,100040.28310880903,0.04028310880903607
105,2024-06-29 15:56:39.438605,88.85922274762798,Weak Bull,0.4308667028595631,BUY,0.0,132.76200015833282,88386.6383911065,100183.76653559643,0.1837665355964191
106,2024-06-30 15:56:39.438605,92.88502732773718,Strong Bull,0.513921924615488,STRONG_BUY,153.82547298566485,286.58747314399767,74098.55512913092,100718.2404038983,0.7182404038982959
107,2024-07-01 15:56:39.438605,91.10855763309834,Weak Bull,0.477073210670078,BUY,0.0,286.58747314399767,74098.55512913092,100209.12644299486,0.20912644299486693
108,2024-07-02 15:56:39.438605,90.12754033095422,Weak Bull,0.4381978077707116,BUY,0.0,286.58747314399767,74098.55512913092,99927.97917326284,-0.07202082673716248
109,2024-07-03 15:56:39.438605,90.35251106220713,Weak Bull,0.43916428081181597,BUY,0.0,286.58747314399767,74098.55512913092,99992.45296666396,-0.007547033336041675
110,2024-07-04 15:56:39.438605,89.49200540242629,Weak Bull,0.3872119565893474,BUY,-130.35884042036227,156.2286327236354,85764.62918028401,99745.84282400127,-0.254157175998726
111,2024-07-05 15:56:39.438605,86.80255246885889,Weak Bull,0.18660833143557265,HOLD,-156.2286327236354,0.0,99325.67326941546,99325.67326941546,-0.6743267305845402
112,2024-07-06 15:56:39.438605,86.96513463872674,Weak Bull,0.15626767325317634,HOLD,0.0,0.0,99325.67326941546,99325.67326941546,-0.6743267305845402
113,2024-07-07 15:56:39.438605,85.17953562407456,Neutral,0.029643077622094394,SELL,0.0,0.0,99325.67326941546,99325.67326941546,-0.6743267305845402
114,2024-07-08 15:56:39.438605,86.03318220172486,Neutral,0.03761989718950756,SELL,0.0,0.0,99325.67326941546,99325.67326941546,-0.6743267305845402
115,2024-07-09 15:56:39.438605,84.50786244380741,Neutral,-0.034948026286714284,SELL,0.0,0.0,99325.67326941546,99325.67326941546,-0.6743267305845402
116,2024-07-10 15:56:39.438605,87.2121158770376,Weak Bull,0.11637027934932302,HOLD,0.0,0.0,99325.67326941546,99325.67326941546,-0.6743267305845402
117,2024-07-11 15:56:39.438605,85.89951638180574,Neutral,0.03332000636236568,SELL,0.0,0.0,99325.67326941546,99325.67326941546,-0.6743267305845402
118,2024-07-12 15:56:39.438605,85.39068062222263,Neutral,-0.016456370183255575,SELL,0.0,0.0,99325.67326941546,99325.67326941546,-0.6743267305845402
119,2024-07-13 15:56:39.438605,86.83478697530728,Neutral,0.046413813467537895,SELL,0.0,0.0,99325.67326941546,99325.67326941546,-0.6743267305845402
120,2024-07-14 15:56:39.438605,84.76561920254602,Neutral,-0.06833509603349923,HOLD,0.0,0.0,99325.67326941546,99325.67326941546,-0.6743267305845402
121,2024-07-15 15:56:39.438605,85.19470000166561,Neutral,-0.04597781292227915,SELL,0.0,0.0,99325.67326941546,99325.67326941546,-0.6743267305845402
122,2024-07-16 15:56:39.438605,87.4950377592698,Weak Bull,0.1002172428436687,HOLD,0.0,0.0,99325.67326941546,99325.67326941546,-0.6743267305845402
123,2024-07-17 15:56:39.438605,84.76921241586716,Neutral,-0.049377186625050265,SELL,0.0,0.0,99325.67326941546,99325.67326941546,-0.6743267305845402
124,2024-07-18 15:56:39.438605,85.12536845946825,Neutral,-0.019616435356483608,SELL,0.0,0.0,99325.67326941546,99325.67326941546,-0.6743267305845402
125,2024-07-19 15:56:39.438605,85.61176786841611,Neutral,0.014618439694377885,SELL,0.0,0.0,99325.67326941546,99325.67326941546,-0.6743267305845402
126,2024-07-20 15:56:39.438605,87.00444473283277,Weak Bull,0.11671080168682199,HOLD,0.0,0.0,99325.67326941546,99325.67326941546,-0.6743267305845402
127,2024-07-21 15:56:39.438605,84.92089635062545,Neutral,0.013489316395874515,SELL,0.0,0.0,99325.67326941546,99325.67326941546,-0.6743267305845402
128,2024-07-22 15:56:39.438605,82.74892802176288,Neutral,-0.07611710051601547,SELL,0.0,0.0,99325.67326941546,99325.67326941546,-0.6743267305845402
129,2024-07-23 15:56:39.438605,83.65907347496126,Neutral,-0.012767861461382868,SELL,0.0,0.0,99325.67326941546,99325.67326941546,-0.6743267305845402
130,2024-07-24 15:56:39.438605,84.19955064956025,Neutral,0.04129408554642061,SELL,0.0,0.0,99325.67326941546,99325.67326941546,-0.6743267305845402
131,2024-07-25 15:56:39.438605,84.66475857133152,Neutral,0.07310509237058124,SELL,0.0,0.0,99325.67326941546,99325.67326941546,-0.6743267305845402
132,2024-07-26 15:56:39.438605,85.29607213033127,Weak Bull,0.13209352882641315,HOLD,0.0,0.0,99325.67326941546,99325.67326941546,-0.6743267305845402
133,2024-07-27 15:56:39.438605,84.18593893619989,Neutral,0.05520502322893184,SELL,0.0,0.0,99325.67326941546,99325.67326941546,-0.6743267305845402
134,2024-07-28 15:56:39.438605,84.62019800655244,Neutral,0.08487881325543792,SELL,0.0,0.0,99325.67326941546,99325.67326941546,-0.6743267305845402
135,2024-07-29 15:56:39.438605,85.16022096320846,Weak Bull,0.12017450588549738,BUY,0.0,0.0,99325.67326941546,99325.67326941546,-0.6743267305845402
136,2024-07-30 15:56:39.438605,83.99417123233286,Neutral,0.02564554529746442,SELL,0.0,0.0,99325.67326941546,99325.67326941546,-0.6743267305845402
137,2024-07-31 15:56:39.438605,87.2312725311816,Weak Bull,0.2843959337087176,BUY,122.6449066559466,122.6449066559466,88627.20199234926,99325.67326941546,-0.6743267305845402
138,2024-08-01 15:56:39.438605,88.10590483990131,Weak Bull,0.3333692777703987,BUY,0.0,122.6449066559466,88627.20199234926,99432.94246727668,-0.5670575327233252
139,2024-08-02 15:56:39.438605,86.07452450725516,Weak Bull,0.21874199930910004,BUY,0.0,122.6449066559466,88627.20199234926,99183.80401599656,-0.8161959840034427
140,2024-08-03 15:56:39.438605,87.25584560830106,Weak Bull,0.2956575135703393,BUY,0.0,122.6449066559466,88627.20199234926,99328.68703216503,-0.6713129678349694
141,2024-08-04 15:56:39.438605,85.6141800150237,Weak Bull,0.18102577802405767,BUY,0.0,122.6449066559466,88627.20199234926,99127.34510871726,-0.8726548912827425
142,2024-08-05 15:56:39.438605,87.01605273979945,Weak Bull,0.2843310382307365,BUY,0.0,122.6449066559466,88627.20199234926,99299.2776581909,-0.7007223418091013
143,2024-08-06 15:56:39.438605,89.10046269642113,Weak Bull,0.395546891883944,BUY,0.0,122.6449066559466,88627.20199234926,99554.91992275348,-0.445080077246518
144,2024-08-07 15:56:39.438605,87.6937719179538,Weak Bull,0.3245225581661844,BUY,0.0,122.6449066559466,88627.20199234926,99382.39646353458,-0.6176035364654275
145,2024-08-08 15:56:39.438605,89.44450737759092,Weak Bull,0.40847504318434436,BUY,0.0,122.6449066559466,88627.20199234926,99597.11525056102,-0.4028847494389809
146,2024-08-09 15:56:39.438605,90.23108783882012,Weak Bull,0.44012779243623135,BUY,0.0,122.6449066559466,88627.20199234926,99693.58533780588,-0.30641466219412106
147,2024-08-10 15:56:39.438605,91.7727328219113,Weak Bull,0.4825265852958379,BUY,0.0,122.6449066559466,88627.20199234926,99882.6602428537,-0.1173397571462953
148,2024-08-11 15:56:39.438605,95.36876224690106,Strong Bull,0.5198819401351666,STRONG_BUY,189.5123411560667,312.1572478120133,70553.64458578273,100323.6949360136,0.32369493601360766
149,2024-08-12 15:56:39.438605,94.94932448023283,Strong Bull,0.5275202675976768,STRONG_BUY,0.0,312.1572478120133,70553.64458578273,100192.76439714203,0.1927643971420423
150,2024-08-13 15:56:39.438605,93.57550022301463,Strong Bull,0.5156871746202244,STRONG_BUY,0.0,312.1572478120133,70553.64458578273,99763.91519803142,-0.2360848019685835
151,2024-08-14 15:56:39.438605,91.97145993967641,Weak Bull,0.4640056133290529,BUY,-129.46301570507325,182.69423210694004,82460.54714837158,99263.20239780495,-0.7367976021950495
152,2024-08-15 15:56:39.438605,90.52826344193356,Weak Bull,0.37792225282212444,BUY,0.0,182.69423210694004,82460.54714837158,98999.5387218704,-1.0004612781296052
153,2024-08-16 15:56:39.438605,90.43397902874368,Weak Bull,0.3480521772504338,BUY,0.0,182.69423210694004,82460.54714837158,98982.31350340303,-1.01768649659697
154,2024-08-17 15:56:39.438605,91.09866140623076,Weak Bull,0.3621743582984111,BUY,0.0,182.69423210694004,82460.54714837158,99103.74713995305,-0.8962528600469533
155,2024-08-18 15:56:39.438605,91.64999561767299,Weak Bull,0.36759403688265807,BUY,0.0,182.69423210694004,82460.54714837158,99204.47272034676,-0.7955272796532409
156,2024-08-19 15:56:39.438605,93.2254349315919,Weak Bull,0.4180127674879212,BUY,0.0,182.69423210694004,82460.54714837158,99492.29639603427,-0.5077036039657257
157,2024-08-20 15:56:39.438605,93.29631672257217,Weak Bull,0.40111278664551725,BUY,0.0,182.69423210694004,82460.54714837158,99505.24609040777,-0.4947539095922271
158,2024-08-21 15:56:39.438605,96.09634777496697,Weak Bull,0.4820180916785066,BUY,0.0,182.69423210694004,82460.54714837158,100016.79561340062,0.016795613400621967
159,2024-08-22 15:56:39.438605,95.6368469519386,Weak Bull,0.4650928821767164,BUY,0.0,182.69423210694004,82460.54714837158,99932.84746338495,-0.06715253661504494
160,2024-08-23 15:56:39.438605,101.03445098061702,Strong Bull,0.5280039070879126,STRONG_BUY,102.73325847134369,285.4274905782837,72080.94878126954,100918.95858662168,0.9189585866216765
161,2024-08-24 15:56:39.438605,102.35783952686131,Strong Bull,0.5395155884813763,STRONG_BUY,0.0,285.4274905782837,72080.94878126954,101296.69005843623,1.2966900584362229
162,2024-08-25 15:56:39.438605,100.66838049284969,Strong Bull,0.5328325045144056,STRONG_BUY,0.0,285.4274905782837,72080.94878126954,100814.47200592348,0.8144720059234833
163,2024-08-26 15:56:39.438605,98.58448569776968,Weak Bull,0.48758278471883726,BUY,-104.45047159155692,180.9770189867268,82378.14480401269,100219.67114393464,0.21967114393464104
164,2024-08-27 15:56:39.438605,99.59015871923322,Weak Bull,0.49794672077874513,BUY,0.0,180.9770189867268,82378.14480401269,100401.6748494345,0.40167484943449683
165,2024-08-28 15:56:39.438605,99.19564339748534,Weak Bull,0.4696672884715299,BUY,0.0,180.9770189867268,82378.14480401269,100330.27664255997,0.330276642559979
166,2024-08-29 15:56:39.438605,100.67264414263136,Weak Bull,0.4926648470631059,BUY,0.0,180.9770189867268,82378.14480401269,100597.57983445766,0.5975798344576511
167,2024-08-30 15:56:39.438605,101.68083697773696,Strong Bull,0.5031130575780279,STRONG_BUY,0.0,180.9770189867268,82378.14480401269,100780.03956831885,0.7800395683188466
168,2024-08-31 15:56:39.438605,101.58361780660898,Weak Bull,0.4982538584213478,BUY,0.0,180.9770189867268,82378.14480401269,100762.44513253975,0.7624451325397574
169,2024-09-01 15:56:39.438605,99.9276481598844,Weak Bull,0.4473069237900886,BUY,0.0,180.9770189867268,82378.14480401269,100462.75268234304,0.46275268234303724
170,2024-09-02 15:56:39.438605,96.99403300777414,Weak Bull,0.2651620975403466,HOLD,-180.9770189867268,0.0,99931.83575725983,99931.83575725983,-0.06816424274016519
171,2024-09-03 15:56:39.438605,96.17978131930329,Weak Bull,0.18104331862627304,HOLD,0.0,0.0,99931.83575725983,99931.83575725983,-0.06816424274016519
172,2024-09-04 15:56:39.438605,97.89026810142595,Weak Bull,0.26389531512168396,HOLD,0.0,0.0,99931.83575725983,99931.83575725983,-0.06816424274016519
173,2024-09-05 15:56:39.438605,98.35948809725662,Weak Bull,0.2535661892103425,HOLD,0.0,0.0,99931.83575725983,99931.83575725983,-0.06816424274016519
174,2024-09-06 15:56:39.438605,95.98714126891848,Neutral,0.0593589933959259,SELL,0.0,0.0,99931.83575725983,99931.83575725983,-0.06816424274016519
175,2024-09-07 15:56:39.438605,96.36835266865181,Neutral,0.05273170466891852,SELL,0.0,0.0,99931.83575725983,99931.83575725983,-0.06816424274016519
176,2024-09-08 15:56:39.438605,97.16243868428462,Neutral,0.06102195317737162,SELL,0.0,0.0,99931.83575725983,99931.83575725983,-0.06816424274016519
177,2024-09-09 15:56:39.438605,95.50771740722371,Neutral,-0.04741285783155236,SELL,0.0,0.0,99931.83575725983,99931.83575725983,-0.06816424274016519
178,2024-09-10 15:56:39.438605,95.84972082729307,Neutral,-0.0751463459589079,SELL,0.0,0.0,99931.83575725983,99931.83575725983,-0.06816424274016519
179,2024-09-11 15:56:39.438605,96.009364276386,Neutral,-0.07436705633274901,SELL,0.0,0.0,99931.83575725983,99931.83575725983,-0.06816424274016519
180,2024-09-12 15:56:39.438605,93.88647365446391,Weak Bear,-0.16597273080723773,SELL,0.0,0.0,99931.83575725983,99931.83575725983,-0.06816424274016519
181,2024-09-13 15:56:39.438605,94.60800316257927,Weak Bear,-0.12431324707079672,SELL,0.0,0.0,99931.83575725983,99931.83575725983,-0.06816424274016519
182,2024-09-14 15:56:39.438605,95.72291950393918,Neutral,-0.054212399678177356,SELL,0.0,0.0,99931.83575725983,99931.83575725983,-0.06816424274016519
183,2024-09-15 15:56:39.438605,97.86791739356495,Weak Bull,0.10732504691695494,HOLD,0.0,0.0,99931.83575725983,99931.83575725983,-0.06816424274016519
184,2024-09-16 15:56:39.438605,100.0024643253834,Weak Bull,0.25628562582742814,HOLD,0.0,0.0,99931.83575725983,99931.83575725983,-0.06816424274016519
185,2024-09-17 15:56:39.438605,97.33332632328681,Weak Bull,0.10393936031095335,HOLD,0.0,0.0,99931.83575725983,99931.83575725983,-0.06816424274016519
186,2024-09-18 15:56:39.438605,95.57248270218514,Neutral,0.014204586425488858,SELL,0.0,0.0,99931.83575725983,99931.83575725983,-0.06816424274016519
187,2024-09-19 15:56:39.438605,96.61032756599586,Neutral,0.09836715967591649,SELL,0.0,0.0,99931.83575725983,99931.83575725983,-0.06816424274016519
188,2024-09-20 15:56:39.438605,97.65700251974343,Weak Bull,0.19229443125781487,HOLD,0.0,0.0,99931.83575725983,99931.83575725983,-0.06816424274016519
189,2024-09-21 15:56:39.438605,98.71750821152654,Weak Bull,0.2751316027042381,BUY,102.34298426287903,102.34298426287903,89828.79136789695,99931.83575725983,-0.06816424274016519
190,2024-09-22 15:56:39.438605,106.67821305761494,Weak Bull,0.4737103044583454,BUY,0.0,102.34298426287903,89828.79136789695,100746.55804804449,0.7465580480444878
191,2024-09-23 15:56:39.438605,107.95718991836804,Weak Bull,0.49810968994053684,BUY,0.0,102.34298426287903,89828.79136789695,100877.45235677712,0.8774523567771197
192,2024-09-24 15:56:39.438605,110.49232612348226,Strong Bull,0.5249888094174926,STRONG_BUY,147.49495024449564,249.83793450737465,73531.73122391535,101136.9057615214,1.1369057615213896
193,2024-09-25 15:56:39.438605,112.67708883280443,Strong Bull,0.5541549944545371,STRONG_BUY,0.0,249.83793450737465,73531.73122391535,101682.74236420718,1.6827423642071793
194,2024-09-26 15:56:39.438605,114.2117214926991,Strong Bull,0.5746604700989005,STRONG_BUY,0.0,249.83793450737465,73531.73122391535,102066.15181818283,2.0661518181828376
195,2024-09-27 15:56:39.438605,113.55059938111098,Strong Bull,0.5960505899198348,STRONG_BUY,0.0,249.83793450737465,73531.73122391535,101900.9784353665,1.900978435366496
196,2024-09-28 15:56:39.438605,115.34503393103661,Strong Bull,0.6139748895467853,STRONG_BUY,0.0,249.83793450737465,73531.73122391535,102349.29625692859,2.3492962569285902
197,2024-09-29 15:56:39.438605,113.63271252732179,Strong Bull,0.6275474862528907,STRONG_BUY,0.0,249.83793450737465,73531.73122391535,101921.4934142117,1.9214934142117057
198,2024-09-30 15:56:39.438605,113.15234030654491,Strong Bull,0.6307881235947768,STRONG_BUY,0.0,249.83793450737465,73531.73122391535,101801.47821077809,1.8014782107780958
199,2024-10-01 15:56:39.438605,112.11529754299426,Strong Bull,0.6187265392727994,STRONG_BUY,0.0,249.83793450737465,73531.73122391535,101542.38558873677,1.542385588736761
200,2024-10-02 15:56:39.438605,112.35519836233038,Strong Bull,0.6077995668329632,STRONG_BUY,0.0,249.83793450737465,73531.73122391535,101602.32191392634,1.60232191392633
201,2024-10-03 15:56:39.438605,117.73760220833486,Strong Bull,0.6352245881698506,STRONG_BUY,0.0,249.83793450737465,73531.73122391535,102947.05057349664,2.9470505734966457
202,2024-10-04 15:56:39.438605,113.47847080597482,Strong Bull,0.5820303053422511,STRONG_BUY,0.0,249.83793450737465,73531.73122391535,101882.95798113552,1.8829579811355135
203,2024-10-05 15:56:39.438605,115.1042613663156,Strong Bull,0.5867384337324748,STRONG_BUY,0.0,249.83793450737465,73531.73122391535,102289.14213667264,2.2891421366726394
204,2024-10-06 15:56:39.438605,111.50662662894489,Weak Bull,0.46089061418249866,HOLD,-249.83793450737465,0.0,101390.31650477597,101390.31650477597,1.390316504775968
205,2024-10-07 15:56:39.438605,110.51435073918132,Weak Bull,0.37486110587509613,HOLD,0.0,0.0,101390.31650477597,101390.31650477597,1.390316504775968
206,2024-10-08 15:56:39.438605,113.00413324213949,Weak Bull,0.4265215065079403,HOLD,0.0,0.0,101390.31650477597,101390.31650477597,1.390316504775968
207,2024-10-09 15:56:39.438605,113.20609372230888,Weak Bull,0.3762822840787271,HOLD,0.0,0.0,101390.31650477597,101390.31650477597,1.390316504775968
208,2024-10-10 15:56:39.438605,110.8474686769779,Weak Bull,0.21120456155229606,HOLD,0.0,0.0,101390.31650477597,101390.31650477597,1.390316504775968
209,2024-10-11 15:56:39.438605,109.32761604152242,Neutral,0.09341651812403395,SELL,0.0,0.0,101390.31650477597,101390.31650477597,1.390316504775968
210,2024-10-12 15:56:39.438605,110.8791623693732,Neutral,0.09471232049378636,SELL,0.0,0.0,101390.31650477597,101390.31650477597,1.390316504775968
211,2024-10-13 15:56:39.438605,109.32593485201639,Neutral,0.014665163410110621,SELL,0.0,0.0,101390.31650477597,101390.31650477597,1.390316504775968
212,2024-10-14 15:56:39.438605,109.85516541684515,Neutral,0.008461891841917951,SELL,0.0,0.0,101390.31650477597,101390.31650477597,1.390316504775968
213,2024-10-15 15:56:39.438605,110.01032851546772,Neutral,0.0011538781827945543,SELL,0.0,0.0,101390.31650477597,101390.31650477597,1.390316504775968
214,2024-10-16 15:56:39.438605,108.64028096699552,Neutral,-0.049416085356276396,SELL,0.0,0.0,101390.31650477597,101390.31650477597,1.390316504775968
215,2024-10-17 15:56:39.438605,113.45668473766383,Weak Bull,0.1926265546545159,HOLD,0.0,0.0,101390.31650477597,101390.31650477597,1.390316504775968
216,2024-10-18 15:56:39.438605,114.96175550889302,Weak Bull,0.269703386627853,HOLD,0.0,0.0,101390.31650477597,101390.31650477597,1.390316504775968
217,2024-10-19 15:56:39.438605,110.4537256143556,Neutral,0.08164928566028012,SELL,0.0,0.0,101390.31650477597,101390.31650477597,1.390316504775968
218,2024-10-20 15:56:39.438605,110.92183308739374,Weak Bull,0.11008162643601296,HOLD,0.0,0.0,101390.31650477597,101390.31650477597,1.390316504775968
219,2024-10-21 15:56:39.438605,109.51812027476835,Neutral,0.05331047003250583,SELL,0.0,0.0,101390.31650477597,101390.31650477597,1.390316504775968
220,2024-10-22 15:56:39.438605,111.4569797069611,Weak Bull,0.1336657412821127,HOLD,0.0,0.0,101390.31650477597,101390.31650477597,1.390316504775968
221,2024-10-23 15:56:39.438605,109.75913350057323,Neutral,0.05481306802908156,SELL,0.0,0.0,101390.31650477597,101390.31650477597,1.390316504775968
222,2024-10-24 15:56:39.438605,109.56232228360734,Neutral,0.04807811350640015,SELL,0.0,0.0,101390.31650477597,101390.31650477597,1.390316504775968
223,2024-10-25 15:56:39.438605,110.72983174531765,Weak Bull,0.126927505729294,HOLD,0.0,0.0,101390.31650477597,101390.31650477597,1.390316504775968
224,2024-10-26 15:56:39.438605,112.72017161608268,Weak Bull,0.24803158079545826,HOLD,0.0,0.0,101390.31650477597,101390.31650477597,1.390316504775968
225,2024-10-27 15:56:39.438605,110.10147735576584,Weak Bull,0.11080343615943691,HOLD,0.0,0.0,101390.31650477597,101390.31650477597,1.390316504775968
226,2024-10-28 15:56:39.438605,109.4220514904535,Neutral,0.08029734578595284,SELL,0.0,0.0,101390.31650477597,101390.31650477597,1.390316504775968
227,2024-10-29 15:56:39.438605,108.44178996625209,Neutral,0.04195459445783599,SELL,0.0,0.0,101390.31650477597,101390.31650477597,1.390316504775968
228,2024-10-30 15:56:39.438605,107.08757379032016,Neutral,-0.01407393754819164,SELL,0.0,0.0,101390.31650477597,101390.31650477597,1.390316504775968
229,2024-10-31 15:56:39.438605,110.99176741853589,Weak Bull,0.18471797358410555,HOLD,0.0,0.0,101390.31650477597,101390.31650477597,1.390316504775968
230,2024-11-01 15:56:39.438605,111.95037193609659,Weak Bull,0.2314507758347908,HOLD,0.0,0.0,101390.31650477597,101390.31650477597,1.390316504775968
231,2024-11-02 15:56:39.438605,109.21713733432188,Neutral,0.08582172604991303,SELL,0.0,0.0,101390.31650477597,101390.31650477597,1.390316504775968
232,2024-11-03 15:56:39.438605,111.29621218636181,Weak Bull,0.19399410925856914,HOLD,0.0,0.0,101390.31650477597,101390.31650477597,1.390316504775968
233,2024-11-04 15:56:39.438605,116.17972542175548,Weak Bull,0.38402467086121295,BUY,111.43379169918762,111.43379169918762,88443.96918245926,101390.31650477597,1.390316504775968
234,2024-11-05 15:56:39.438605,118.66301323756707,Weak Bull,0.4362456495489042,BUY,0.0,111.43379169918762,88443.96918245926,101667.03868197225,1.6670386819722438
235,2024-11-06 15:56:39.438605,115.16895856687867,Weak Bull,0.35455829238734515,BUY,0.0,111.43379169918762,88443.96918245926,101277.68292161319,1.277682921613188
236,2024-11-07 15:56:39.438605,114.1160112635228,Weak Bull,0.32731471226719855,BUY,0.0,111.43379169918762,88443.96918245926,101160.3490111408,1.1603490111407933
237,2024-11-08 15:56:39.438605,117.10298913155144,Weak Bull,0.43179407181680207,BUY,0.0,111.43379169918762,88443.96918245926,101493.19928069679,1.4931992806967997
238,2024-11-09 15:56:39.438605,115.51500180454492,Weak Bull,0.3832554473312452,BUY,0.0,111.43379169918762,88443.96918245926,101316.2438316782,1.31624383167821
239,2024-11-10 15:56:39.438605,116.6032091009174,Weak Bull,0.41479133181114314,BUY,0.0,111.43379169918762,88443.96918245926,101437.50689686771,1.4375068968677018
240,2024-11-11 15:56:39.438605,118.48299840573485,Weak Bull,0.4605854775432382,BUY,0.0,111.43379169918762,88443.96918245926,101646.97894669909,1.6469789466990958
241,2024-11-12 15:56:39.438605,116.3648911620489,Weak Bull,0.39457642428575457,BUY,0.0,111.43379169918762,88443.96918245926,101410.95022530966,1.4109502253096595
242,2024-11-13 15:56:39.438605,116.28456811105052,Weak Bull,0.37821694379661647,BUY,0.0,111.43379169918762,88443.96918245926,101401.99952317605,1.4019995231760563
243,2024-11-14 15:56:39.438605,109.0400246615921,Neutral,0.07067386421697752,SELL,-133.1128144158802,0.0,100594.7125774734,100594.7125774734,0.5947125774734108
244,2024-11-15 15:56:39.438605,106.88219650739752,Neutral,-0.006778555771880634,SELL,0.0,0.0,100594.7125774734,100594.7125774734,0.5947125774734108
245,2024-11-16 15:56:39.438605,106.39684217958725,Neutral,-0.039062616562719504,SELL,0.0,0.0,100594.7125774734,100594.7125774734,0.5947125774734108
246,2024-11-17 15:56:39.438605,103.82639588955146,Neutral,-0.0967066370845581,SELL,0.0,0.0,100594.7125774734,100594.7125774734,0.5947125774734108
247,2024-11-18 15:56:39.438605,107.32573475295897,Neutral,-0.05133311102108842,SELL,0.0,0.0,100594.7125774734,100594.7125774734,0.5947125774734108
248,2024-11-19 15:56:39.438605,104.35156516372788,Weak Bear,-0.12531045654580042,SELL,0.0,0.0,100594.7125774734,100594.7125774734,0.5947125774734108
249,2024-11-20 15:56:39.438605,103.48893956099066,Weak Bear,-0.17037895803106767,SELL,0.0,0.0,100594.7125774734,100594.7125774734,0.5947125774734108
250,2024-11-21 15:56:39.438605,103.81179065391922,Weak Bear,-0.18345772917142691,SELL,0.0,0.0,100594.7125774734,100594.7125774734,0.5947125774734108
251,2024-11-22 15:56:39.438605,106.90119751612235,Weak Bear,-0.13058642272696502,SELL,0.0,0.0,100594.7125774734,100594.7125774734,0.5947125774734108
252,2024-11-23 15:56:39.438605,103.92690101502274,Weak Bear,-0.20608959663929136,SELL,0.0,0.0,100594.7125774734,100594.7125774734,0.5947125774734108
253,2024-11-24 15:56:39.438605,106.4261217767477,Weak Bear,-0.15684271780769762,SELL,0.0,0.0,100594.7125774734,100594.7125774734,0.5947125774734108
254,2024-11-25 15:56:39.438605,106.50114256661686,Weak Bear,-0.14060554173791673,SELL,0.0,0.0,100594.7125774734,100594.7125774734,0.5947125774734108
255,2024-11-26 15:56:39.438605,104.4831213728225,Weak Bear,-0.1865830267684933,SELL,0.0,0.0,100594.7125774734,100594.7125774734,0.5947125774734108
256,2024-11-27 15:56:39.438605,105.50597747915546,Weak Bear,-0.14012701374982386,SELL,0.0,0.0,100594.7125774734,100594.7125774734,0.5947125774734108
257,2024-11-28 15:56:39.438605,105.97983114518199,Weak Bear,-0.10730388256695045,SELL,0.0,0.0,100594.7125774734,100594.7125774734,0.5947125774734108
258,2024-11-29 15:56:39.438605,104.7675897817937,Weak Bear,-0.1288273226068894,SELL,0.0,0.0,100594.7125774734,100594.7125774734,0.5947125774734108
259,2024-11-30 15:56:39.438605,104.96642193827117,Neutral,-0.08388243000711938,SELL,0.0,0.0,100594.7125774734,100594.7125774734,0.5947125774734108
260,2024-12-01 15:56:39.438605,104.21272429424211,Neutral,-0.07791759024427192,SELL,0.0,0.0,100594.7125774734,100594.7125774734,0.5947125774734108
261,2024-12-02 15:56:39.438605,104.50182996905775,Neutral,-0.011421222341615217,SELL,0.0,0.0,100594.7125774734,100594.7125774734,0.5947125774734108
262,2024-12-03 15:56:39.438605,105.94787166527995,Weak Bull,0.14032892119376927,BUY,0.0,0.0,100594.7125774734,100594.7125774734,0.5947125774734108
263,2024-12-04 15:56:39.438605,109.4171380582827,Weak Bull,0.35026353016318684,BUY,127.24967631399971,127.24967631399971,86671.41717635271,100594.7125774734,0.5947125774734108
264,2024-12-05 15:56:39.438605,106.79501215361189,Weak Bull,0.2339042535122887,BUY,0.0,127.24967631399971,86671.41717635271,100261.04790484949,0.26104790484948737
265,2024-12-06 15:56:39.438605,111.50527400190742,Weak Bull,0.4236520226136035,BUY,0.0,127.24967631399971,86671.41717635271,100860.42720039928,0.8604272003992719
266,2024-12-07 15:56:39.438605,107.28942982039462,Weak Bull,0.26342142248462774,BUY,0.0,127.24967631399971,86671.41717635271,100323.96239291152,0.3239623929115254
267,2024-12-08 15:56:39.438605,107.01772044185263,Weak Bull,0.24352621439947378,BUY,0.0,127.24967631399971,86671.41717635271,100289.38746244057,0.28938746244058233
268,2024-12-09 15:56:39.438605,108.33852076345802,Weak Bull,0.31541510700815323,BUY,0.0,127.24967631399971,86671.41717635271,100457.45887584028,0.45745887584027756
269,2024-12-10 15:56:39.438605,109.00356780400675,Weak Bull,0.33800936914681856,BUY,0.0,127.24967631399971,86671.41717635271,100542.0858964837,0.5420858964837016
270,2024-12-11 15:56:39.438605,107.70829745023416,Weak Bull,0.24998815864900256,BUY,0.0,127.24967631399971,86671.41717635271,100377.263163227,0.37726316322701514
271,2024-12-12 15:56:39.438605,107.31454322574136,Weak Bull,0.2194583270805004,BUY,0.0,127.24967631399971,86671.41717635271,100327.15806561302,0.3271580656130313
272,2024-12-13 15:56:39.438605,106.3147633733636,Weak Bull,0.14206083903356426,BUY,0.0,127.24967631399971,86671.41717635271,100199.9364030127,0.19993640301270155
273,2024-12-14 15:56:39.438605,105.12150426412813,Neutral,0.056277749910375985,BUY,-106.25560231509215,20.994073998907567,97841.16592820617,100048.09456760375,0.048094567603751415
274,2024-12-15 15:56:39.438605,106.97647030041675,Weak Bull,0.18187887138351638,BUY,0.0,20.994073998907567,97841.16592820617,100087.03786183507,0.0870378618350598
275,2024-12-16 15:56:39.438605,107.79693397331232,Weak Bull,0.22618725354215757,BUY,0.0,20.994073998907567,97841.16592820617,100104.26273689725,0.10426273689725374
276,2024-12-17 15:56:39.438605,106.36653687208815,Weak Bull,0.12408917329675516,BUY,0.0,20.994073998907567,97841.16592820617,100074.23287430633,0.07423287430632364
277,2024-12-18 15:56:39.438605,108.35176545687659,Weak Bull,0.24793099464898455,BUY,0.0,20.994073998907567,97841.16592820617,100115.91091012012,0.11591091012010946
278,2024-12-19 15:56:39.438605,109.07426846650266,Weak Bull,0.2776735423882856,BUY,0.0,20.994073998907567,97841.16592820617,100131.07919176864,0.13107919176864602
279,2024-12-20 15:56:39.438605,110.91745263105895,Weak Bull,0.35170229282514714,BUY,96.18873319675942,117.18280719566698,87172.15667021304,100169.77513651294,0.16977513651292853
280,2024-12-21 15:56:39.438605,112.379196015745,Weak Bull,0.3918086854055251,BUY,0.0,117.18280719566698,87172.15667021304,100341.06632973015,0.34106632973014417
281,2024-12-22 15:56:39.438605,110.5866007583811,Weak Bull,0.30856165489333076,BUY,0.0,117.18280719566698,87172.15667021304,100131.00498530662,0.1310049853066264
282,2024-12-23 15:56:39.438605,109.40923599149627,Weak Bull,0.23506046379623685,BUY,0.0,117.18280719566698,87172.15667021304,99993.03807682978,-0.006961923170223372
283,2024-12-24 15:56:39.438605,111.11227566552668,Weak Bull,0.31594576705101257,BUY,0.0,117.18280719566698,87172.15667021304,100192.60504659826,0.19260504659825983
284,2024-12-25 15:56:39.438605,112.53323361035604,Weak Bull,0.371698353849655,BUY,0.0,117.18280719566698,87172.15667021304,100359.11688748034,0.35911688748033743
285,2024-12-26 15:56:39.438605,112.54245812608623,Weak Bull,0.3766969809562912,BUY,0.0,117.18280719566698,87172.15667021304,100360.19784212862,0.36019784212861783
286,2024-12-27 15:56:39.438605,112.86327198695912,Weak Bull,0.3940715246463577,BUY,0.0,117.18280719566698,87172.15667021304,100397.79171093299,0.39779171093299315
287,2024-12-28 15:56:39.438605,115.84237161134432,Weak Bull,0.46445889664742723,BUY,0.0,117.18280719566698,87172.15667021304,100746.890967834,0.7468909678340019
288,2024-12-29 15:56:39.438605,114.53712128513295,Weak Bull,0.43493785101788496,BUY,0.0,117.18280719566698,87172.15667021304,100593.93807051549,0.5939380705154873
289,2024-12-30 15:56:39.438605,115.85517520000663,Weak Bull,0.4669721275061498,BUY,0.0,117.18280719566698,87172.15667021304,100748.39132829563,0.7483913282956278
290,2024-12-31 15:56:39.438605,115.44532813199513,Weak Bull,0.45699659015518157,BUY,0.0,117.18280719566698,87172.15667021304,100700.36429834513,0.7003642983451241
291,2025-01-01 15:56:39.438605,115.00130134302458,Weak Bull,0.43659996023481795,BUY,0.0,117.18280719566698,87172.15667021304,100648.33199274348,0.6483319927434783
292,2025-01-02 15:56:39.438605,117.6152826308634,Weak Bull,0.4902866954669656,BUY,0.0,117.18280719566698,87172.15667021304,100954.64565800938,0.9546456580093787
293,2025-01-03 15:56:39.438605,119.63283073795652,Strong Bull,0.511798551111034,STRONG_BUY,123.2486248508867,240.43143204655368,72427.574794741,101191.06760885085,1.1910676088508376
294,2025-01-04 15:56:39.438605,121.6560135314186,Strong Bull,0.5256223494752005,STRONG_BUY,0.0,240.43143204655368,72427.574794741,101677.50434517488,1.677504345174885
295,2025-01-05 15:56:39.438605,124.93668352954737,Strong Bull,0.5434293692543801,STRONG_BUY,0.0,240.43143204655368,72427.574794741,102466.28053089714,2.466280530897147
296,2025-01-06 15:56:39.438605,125.05168777587004,Strong Bull,0.5477731735983237,STRONG_BUY,0.0,240.43143204655368,72427.574794741,102493.93116653194,2.4939311665319375
297,2025-01-07 15:56:39.438605,126.83235987006123,Strong Bull,0.5502132755125612,STRONG_BUY,0.0,240.43143204655368,72427.574794741,102922.06070814366,2.92206070814367
298,2025-01-08 15:56:39.438605,126.11079908177791,Strong Bull,0.5568486966284238,STRONG_BUY,0.0,240.43143204655368,72427.574794741,102748.57481450807,2.7485748145080757
299,2025-01-09 15:56:39.438605,126.9945542203622,Strong Bull,0.5611567145529776,STRONG_BUY,0.0,240.43143204655368,72427.574794741,102961.0573280564,2.9610573280564045
300,2025-01-10 15:56:39.438605,126.72778290380258,Strong Bull,0.561532632896928,STRONG_BUY,0.0,240.43143204655368,72427.574794741,102896.917118387,2.896917118386999
301,2025-01-11 15:56:39.438605,127.03736599242943,Strong Bull,0.5611367998764549,STRONG_BUY,0.0,240.43143204655368,72427.574794741,102971.35062372296,2.971350623722957
302,2025-01-12 15:56:39.438605,128.62284039815557,Strong Bull,0.5646621931648188,STRONG_BUY,0.0,240.43143204655368,72427.574794741,103352.54850556486,3.3525485055648563
303,2025-01-13 15:56:39.438605,126.5984150704754,Strong Bull,0.5274439097475674,STRONG_BUY,0.0,240.43143204655368,72427.574794741,102865.8130249594,2.865813024959385
304,2025-01-14 15:56:39.438605,132.07470849818117,Strong Bull,0.5649289037349092,STRONG_BUY,0.0,240.43143204655368,72427.574794741,104182.48609608982,4.182486096089821
305,2025-01-15 15:56:39.438605,129.50861296690206,Strong Bull,0.5418831120272556,STRONG_BUY,0.0,240.43143204655368,72427.574794741,103565.51607273614,3.5655160727361412
306,2025-01-16 15:56:39.438605,126.46475036167055,Weak Bull,0.43744520320692293,BUY,-106.6163446156796,133.8150874308741,85910.78420103676,102833.67582760737,2.8336758276073626
307,2025-01-17 15:56:39.438605,129.4928715319424,Weak Bull,0.4985071684948298,HOLD,-133.8150874308741,0.0,103238.88412675858,103238.88412675858,3.23888412675859
308,2025-01-18 15:56:39.438605,131.62527864571217,Strong Bull,0.5198389628085394,STRONG_BUY,223.16371042994152,223.16371042994152,73864.8985578065,103238.88412675858,3.23888412675859
309,2025-01-19 15:56:39.438605,133.34523057336548,Strong Bull,0.5270158774818162,STRONG_BUY,0.0,223.16371042994152,73864.8985578065,103622.71498069481,3.622714980694819
310,2025-01-20 15:56:39.438605,135.09907443017246,Strong Bull,0.534292345726999,STRONG_BUY,0.0,223.16371042994152,73864.8985578065,104014.10928329463,4.01410928329462
311,2025-01-21 15:56:39.438605,135.13353780886618,Strong Bull,0.5171020484840336,STRONG_BUY,0.0,223.16371042994152,73864.8985578065,104021.80025875787,4.021800258757868
312,2025-01-22 15:56:39.438605,132.7965650417112,Weak Bull,0.4382030262871172,BUY,-105.83367693368452,117.330033496257,87919.24732033399,103500.27274486584,3.50027274486584
313,2025-01-23 15:56:39.438605,133.06456508857127,Weak Bull,0.41484647647011635,HOLD,-117.330033496257,0.0,103531.71719934093,103531.71719934093,3.5317171993409335
314,2025-01-24 15:56:39.438605,131.3402426152616,Weak Bull,0.31985218789408026,HOLD,0.0,0.0,103531.71719934093,103531.71719934093,3.5317171993409335
315,2025-01-25 15:56:39.438605,133.99381238588717,Weak Bull,0.3956337597379862,HOLD,0.0,0.0,103531.71719934093,103531.71719934093,3.5317171993409335
316,2025-01-26 15:56:39.438605,133.66711263174537,Weak Bull,0.36752138720080624,HOLD,0.0,0.0,103531.71719934093,103531.71719934093,3.5317171993409335
317,2025-01-27 15:56:39.438605,131.54414926072212,Weak Bull,0.2685825222817547,HOLD,0.0,0.0,103531.71719934093,103531.71719934093,3.5317171993409335
318,2025-01-28 15:56:39.438605,130.7666993208968,Weak Bull,0.21161378113302884,HOLD,0.0,0.0,103531.71719934093,103531.71719934093,3.5317171993409335
319,2025-01-29 15:56:39.438605,131.9170668039752,Weak Bull,0.2447511974802952,HOLD,0.0,0.0,103531.71719934093,103531.71719934093,3.5317171993409335
320,2025-01-30 15:56:39.438605,130.50335722455648,Weak Bull,0.16037250967978464,HOLD,0.0,0.0,103531.71719934093,103531.71719934093,3.5317171993409335
321,2025-01-31 15:56:39.438605,128.43905920072274,Neutral,0.058956616257346356,SELL,0.0,0.0,103531.71719934093,103531.71719934093,3.5317171993409335
322,2025-02-01 15:56:39.438605,129.13111565579686,Neutral,0.07937430670630136,SELL,0.0,0.0,103531.71719934093,103531.71719934093,3.5317171993409335
323,2025-02-02 15:56:39.438605,129.8302230038642,Neutral,0.08477647484678943,SELL,0.0,0.0,103531.71719934093,103531.71719934093,3.5317171993409335
324,2025-02-03 15:56:39.438605,128.584818987142,Neutral,0.010318280866623064,SELL,0.0,0.0,103531.71719934093,103531.71719934093,3.5317171993409335
325,2025-02-04 15:56:39.438605,127.44284510549559,Neutral,-0.03934155563522701,HOLD,0.0,0.0,103531.71719934093,103531.71719934093,3.5317171993409335
326,2025-02-05 15:56:39.438605,128.099715651093,Neutral,-0.012558980465457809,SELL,0.0,0.0,103531.71719934093,103531.71719934093,3.5317171993409335
327,2025-02-06 15:56:39.438605,124.50517761742827,Weak Bear,-0.12635656975019782,SELL,0.0,0.0,103531.71719934093,103531.71719934093,3.5317171993409335
328,2025-02-07 15:56:39.438605,121.10985506873378,Weak Bear,-0.18297414974211473,SELL,0.0,0.0,103531.71719934093,103531.71719934093,3.5317171993409335
329,2025-02-08 15:56:39.438605,119.44179032168614,Weak Bear,-0.21372372983262616,SELL,0.0,0.0,103531.71719934093,103531.71719934093,3.5317171993409335
330,2025-02-09 15:56:39.438605,118.99246828451975,Weak Bear,-0.2468013067371957,SELL,0.0,0.0,103531.71719934093,103531.71719934093,3.5317171993409335
331,2025-02-10 15:56:39.438605,119.794568991595,Weak Bear,-0.2537536251632786,SELL,0.0,0.0,103531.71719934093,103531.71719934093,3.5317171993409335
332,2025-02-11 15:56:39.438605,123.44373621228677,Weak Bear,-0.16981955157721657,SELL,0.0,0.0,103531.71719934093,103531.71719934093,3.5317171993409335
333,2025-02-12 15:56:39.438605,125.64226063903952,Neutral,-0.055542475280763004,SELL,0.0,0.0,103531.71719934093,103531.71719934093,3.5317171993409335
334,2025-02-13 15:56:39.438605,125.30363813775244,Neutral,-0.04906530430639228,SELL,0.0,0.0,103531.71719934093,103531.71719934093,3.5317171993409335
335,2025-02-14 15:56:39.438605,125.3186348534999,Neutral,-0.033166460294703035,SELL,0.0,0.0,103531.71719934093,103531.71719934093,3.5317171993409335
336,2025-02-15 15:56:39.438605,122.89237661114956,Weak Bear,-0.12328782722533493,SELL,0.0,0.0,103531.71719934093,103531.71719934093,3.5317171993409335
337,2025-02-16 15:56:39.438605,122.90832136813488,Weak Bear,-0.10684016912914215,SELL,0.0,0.0,103531.71719934093,103531.71719934093,3.5317171993409335
338,2025-02-17 15:56:39.438605,122.2619103699571,Weak Bear,-0.11334434182273637,SELL,0.0,0.0,103531.71719934093,103531.71719934093,3.5317171993409335
339,2025-02-18 15:56:39.438605,123.11512843800121,Neutral,-0.04477860703679071,SELL,0.0,0.0,103531.71719934093,103531.71719934093,3.5317171993409335
340,2025-02-19 15:56:39.438605,121.15555546324389,Weak Bear,-0.10661240677362455,SELL,0.0,0.0,103531.71719934093,103531.71719934093,3.5317171993409335
341,2025-02-20 15:56:39.438605,122.48177367261559,Neutral,-0.019828398935485395,SELL,0.0,0.0,103531.71719934093,103531.71719934093,3.5317171993409335
342,2025-02-21 15:56:39.438605,126.35772994974424,Weak Bull,0.23456895665404695,BUY,0.0,0.0,103531.71719934093,103531.71719934093,3.5317171993409335
343,2025-02-22 15:56:39.438605,126.14623230556032,Weak Bull,0.24759437936223228,BUY,0.0,0.0,103531.71719934093,103531.71719934093,3.5317171993409335
344,2025-02-23 15:56:39.438605,127.22740073639036,Weak Bull,0.31643524241048326,BUY,103.5093568528267,103.5093568528267,90362.49077506032,103531.71719934093,3.5317171993409335
345,2025-02-24 15:56:39.438605,129.06019483279118,Weak Bull,0.3898578633876003,BUY,0.0,103.5093568528267,90362.49077506032,103721.42853750304,3.7214285375030354
346,2025-02-25 15:56:39.438605,128.09273742211275,Weak Bull,0.3826137723383272,BUY,0.0,103.5093568528267,90362.49077506032,103621.28764314122,3.6212876431412244
347,2025-02-26 15:56:39.438605,128.73246837804132,Weak Bull,0.41501703043314914,BUY,0.0,103.5093568528267,90362.49077506032,103687.50578294822,3.6875057829482305
348,2025-02-27 15:56:39.438605,128.82929202271083,Weak Bull,0.4180744270541652,BUY,0.0,103.5093568528267,90362.49077506032,103697.52793613612,3.6975279361361135
349,2025-02-28 15:56:39.438605,129.14576559987313,Weak Bull,0.41708116432935594,BUY,0.0,103.5093568528267,90362.49077506032,103730.28591256909,3.730285912569098
350,2025-03-01 15:56:39.438605,127.22809976918974,Weak Bull,0.3048741679423483,BUY,0.0,103.5093568528267,90362.49077506032,103531.78955577641,3.531789555776421
351,2025-03-02 15:56:39.438605,127.35414387134962,Weak Bull,0.28144318287742476,BUY,0.0,103.5093568528267,90362.49077506032,103544.83629972607,3.544836299726062
352,2025-03-03 15:56:39.438605,128.69325518376237,Weak Bull,0.3385065440090542,BUY,0.0,103.5093568528267,90362.49077506032,103683.44685042827,3.6834468504282736
353,2025-03-04 15:56:39.438605,132.54929024636505,Weak Bull,0.44318588128351194,BUY,0.0,103.5093568528267,90362.49077506032,104082.58255976022,4.082582559760217
354,2025-03-05 15:56:39.438605,135.1844300509062,Weak Bull,0.4741903829773543,BUY,0.0,103.5093568528267,90362.49077506032,104355.34418614555,4.35534418614556
355,2025-03-06 15:56:39.438605,141.20371625257573,Strong Bull,0.5062967516556853,STRONG_BUY,129.66231576062333,233.17167261345003,72053.68993174538,104978.39662959345,4.978396629593451
356,2025-03-07 15:56:39.438605,139.12275773050598,Strong Bull,0.523467262145606,STRONG_BUY,0.0,233.17167261345003,72053.68993174538,104493.17605036324,4.4931760503632345
357,2025-03-08 15:56:39.438605,141.64205068088717,Strong Bull,0.5389315328540375,STRONG_BUY,0.0,233.17167261345003,72053.68993174538,105080.60380140689,5.080603801406891
358,2025-03-09 15:56:39.438605,142.2334818033358,Strong Bull,0.5488617538272867,STRONG_BUY,0.0,233.17167261345003,72053.68993174538,105218.5087854639,5.2185087854639045
359,2025-03-10 15:56:39.438605,148.67548891038655,Strong Bull,0.5678272230951205,STRONG_BUY,0.0,233.17167261345003,72053.68993174538,106720.60235760265,6.720602357602656
360,2025-03-11 15:56:39.438605,146.36449305454457,Strong Bull,0.5818227684164863,STRONG_BUY,0.0,233.17167261345003,72053.68993174538,106181.74358849323,6.181743588493238
361,2025-03-12 15:56:39.438605,143.99889147946345,Strong Bull,0.5743287329858497,STRONG_BUY,0.0,233.17167261345003,72053.68993174538,105630.15231249455,5.630152312494552
362,2025-03-13 15:56:39.438605,142.35411893608006,Strong Bull,0.5473155885541714,STRONG_BUY,0.0,233.17167261345003,72053.68993174538,105246.63794748517,5.2466379474851665
363,2025-03-14 15:56:39.438605,136.5020774730542,Weak Bull,0.3505423442133809,BUY,-137.55593717169802,95.61573544175201,90830.36112443508,103882.10765134817,3.8821076513481767
364,2025-03-15 15:56:39.438605,135.14181839314824,Weak Bull,0.25538176255065315,HOLD,-95.61573544175201,0.0,103752.04547903163,103752.04547903163,3.7520454790316293
365,2025-03-16 15:56:39.438605,133.1720738610081,Weak Bull,0.1424423071263176,HOLD,0.0,0.0,103752.04547903163,103752.04547903163,3.7520454790316293
366,2025-03-17 15:56:39.438605,133.64004525963813,Weak Bull,0.13832120446670146,HOLD,0.0,0.0,103752.04547903163,103752.04547903163,3.7520454790316293
367,2025-03-18 15:56:39.438605,134.6239149532373,Weak Bull,0.16189630839742317,HOLD,0.0,0.0,103752.04547903163,103752.04547903163,3.7520454790316293
368,2025-03-19 15:56:39.438605,139.84133975045742,Weak Bull,0.3457821947519728,HOLD,0.0,0.0,103752.04547903163,103752.04547903163,3.7520454790316293
369,2025-03-20 15:56:39.438605,142.59621562307387,Weak Bull,0.4044437928472262,HOLD,0.0,0.0,103752.04547903163,103752.04547903163,3.7520454790316293
370,2025-03-21 15:56:39.438605,141.03088318946507,Weak Bull,0.32503756534086004,HOLD,0.0,0.0,103752.04547903163,103752.04547903163,3.7520454790316293
371,2025-03-22 15:56:39.438605,138.58870676723893,Weak Bull,0.1964576403842662,HOLD,0.0,0.0,103752.04547903163,103752.04547903163,3.7520454790316293
372,2025-03-23 15:56:39.438605,140.02892187714482,Weak Bull,0.21355793695089628,HOLD,0.0,0.0,103752.04547903163,103752.04547903163,3.7520454790316293
373,2025-03-24 15:56:39.438605,136.4480999218159,Neutral,0.05393386609316726,SELL,0.0,0.0,103752.04547903163,103752.04547903163,3.7520454790316293
374,2025-03-25 15:56:39.438605,141.60953227031337,Weak Bull,0.22133756940661287,HOLD,0.0,0.0,103752.04547903163,103752.04547903163,3.7520454790316293
375,2025-03-26 15:56:39.438605,145.0621541230758,Weak Bull,0.3235253047699963,HOLD,0.0,0.0,103752.04547903163,103752.04547903163,3.7520454790316293
376,2025-03-27 15:56:39.438605,143.779199593867,Weak Bull,0.28690017380728516,BUY,0.0,0.0,103752.04547903163,103752.04547903163,3.7520454790316293
377,2025-03-28 15:56:39.438605,139.0058607731637,Weak Bull,0.11767295444755546,HOLD,0.0,0.0,103752.04547903163,103752.04547903163,3.7520454790316293
378,2025-03-29 15:56:39.438605,142.89263492731982,Weak Bull,0.2680730322307544,HOLD,0.0,0.0,103752.04547903163,103752.04547903163,3.7520454790316293
379,2025-03-30 15:56:39.438605,142.63697222724807,Weak Bull,0.2736318427110608,HOLD,0.0,0.0,103752.04547903163,103752.04547903163,3.7520454790316293
380,2025-03-31 15:56:39.438605,146.2853363352803,Weak Bull,0.4010260181593641,BUY,94.57145543974323,94.57145543974323,89917.62831231182,103752.04547903163,3.7520454790316293
381,2025-04-01 15:56:39.438605,141.76496634559422,Weak Bull,0.2884759467101183,HOLD,-94.57145543974323,0.0,103324.54750998088,103324.54750998088,3.3245475099808797
382,2025-04-02 15:56:39.438605,140.14575935633482,Weak Bull,0.2443375298266653,HOLD,0.0,0.0,103324.54750998088,103324.54750998088,3.3245475099808797
383,2025-04-03 15:56:39.438605,140.2305555245029,Weak Bull,0.23973744790615986,HOLD,0.0,0.0,103324.54750998088,103324.54750998088,3.3245475099808797
384,2025-04-04 15:56:39.438605,140.43257847994727,Weak Bull,0.23263952196637297,HOLD,0.0,0.0,103324.54750998088,103324.54750998088,3.3245475099808797
385,2025-04-05 15:56:39.438605,139.24377801635654,Weak Bull,0.16400690664118317,HOLD,0.0,0.0,103324.54750998088,103324.54750998088,3.3245475099808797
386,2025-04-06 15:56:39.438605,141.05969849406347,Weak Bull,0.20549228638716657,HOLD,0.0,0.0,103324.54750998088,103324.54750998088,3.3245475099808797
387,2025-04-07 15:56:39.438605,138.14871996194194,Neutral,0.06764053452479916,SELL,0.0,0.0,103324.54750998088,103324.54750998088,3.3245475099808797
388,2025-04-08 15:56:39.438605,137.82478383316447,Neutral,0.03574521071025405,SELL,0.0,0.0,103324.54750998088,103324.54750998088,3.3245475099808797
389,2025-04-09 15:56:39.438605,138.22587309675157,Neutral,0.04200058239629806,SELL,0.0,0.0,103324.54750998088,103324.54750998088,3.3245475099808797
390,2025-04-10 15:56:39.438605,139.72523476878186,Weak Bull,0.10637421040956403,HOLD,0.0,0.0,103324.54750998088,103324.54750998088,3.3245475099808797
391,2025-04-11 15:56:39.438605,141.79894626520093,Weak Bull,0.18869274735184738,HOLD,0.0,0.0,103324.54750998088,103324.54750998088,3.3245475099808797
392,2025-04-12 15:56:39.438605,138.71442746144612,Neutral,0.05216691260573264,SELL,0.0,0.0,103324.54750998088,103324.54750998088,3.3245475099808797
393,2025-04-13 15:56:39.438605,134.590260760213,Neutral,-0.086408039154382,SELL,0.0,0.0,103324.54750998088,103324.54750998088,3.3245475099808797
394,2025-04-14 15:56:39.438605,138.14289136429383,Neutral,0.014855626426970359,SELL,0.0,0.0,103324.54750998088,103324.54750998088,3.3245475099808797
395,2025-04-15 15:56:39.438605,139.1336350286458,Neutral,0.06478783009540387,SELL,0.0,0.0,103324.54750998088,103324.54750998088,3.3245475099808797
396,2025-04-16 15:56:39.438605,137.1349042157231,Neutral,0.004779659149135515,SELL,0.0,0.0,103324.54750998088,103324.54750998088,3.3245475099808797
397,2025-04-17 15:56:39.438605,141.52667046044422,Weak Bull,0.19411948164963533,HOLD,0.0,0.0,103324.54750998088,103324.54750998088,3.3245475099808797
398,2025-04-18 15:56:39.438605,141.9254153825693,Weak Bull,0.21313201414521185,BUY,0.0,0.0,103324.54750998088,103324.54750998088,3.3245475099808797
399,2025-04-19 15:56:39.438605,145.38532325193862,Weak Bull,0.34064387168398735,BUY,86.68734753626218,86.68734753626218,90721.47946656826,103324.54750998088,3.3245475099808797
400,2025-04-20 15:56:39.438605,145.6545888821149,Weak Bull,0.36301807403975195,BUY,0.0,86.68734753626218,90721.47946656826,103347.88943324354,3.347889433243534
401,2025-04-21 15:56:39.438605,151.8590742414419,Weak Bull,0.4651621391798996,BUY,0.0,86.68734753626218,90721.47946656826,103885.73981187117,3.8857398118711695
402,2025-04-22 15:56:39.438605,157.36371222958334,Strong Bull,0.5011536087125791,STRONG_BUY,93.37458239613325,180.06192993239543,76027.70855282563,104362.9222782105,4.362922278210513
403,2025-04-23 15:56:39.438605,156.66041194976248,Strong Bull,0.519591101773216,STRONG_BUY,0.0,180.06192993239543,76027.70855282563,104236.28467250397,4.236284672503965
404,2025-04-24 15:56:39.438605,159.81420160974133,Strong Bull,0.5423533080470024,STRONG_BUY,0.0,180.06192993239543,76027.70855282563,104804.16212528059,4.804162125280587
405,2025-04-25 15:56:39.438605,161.97134219046922,Strong Bull,0.5647273560830461,STRONG_BUY,0.0,180.06192993239543,76027.70855282563,105192.58102138193,5.192581021381937
406,2025-04-26 15:56:39.438605,166.54941475029898,Strong Bull,0.5853488202571301,STRONG_BUY,0.0,180.06192993239543,76027.70855282563,106016.91760187544,6.016917601875438
407,2025-04-27 15:56:39.438605,163.44778498861658,Strong Bull,0.6090817187468816,STRONG_BUY,0.0,180.06192993239543,76027.70855282563,105458.43216105114,5.45843216105113
408,2025-04-28 15:56:39.438605,165.78878698740107,Strong Bull,0.6209981937855937,STRONG_BUY,0.0,180.06192993239543,76027.70855282563,105879.95749892786,5.879957498927868
409,2025-04-29 15:56:39.438605,169.42038312639625,Strong Bull,0.6327315195536272,STRONG_BUY,0.0,180.06192993239543,76027.70855282563,106533.86970845038,6.533869708450379
410,2025-04-30 15:56:39.438605,163.64645042503207,Strong Bull,0.6307428991181405,STRONG_BUY,0.0,180.06192993239543,76027.70855282563,105494.20424294297,5.494204242942979
411,2025-05-01 15:56:39.438605,159.89912384301613,Strong Bull,0.5828977069425425,STRONG_BUY,0.0,180.06192993239543,76027.70855282563,104819.45338649822,4.819453386498229
412,2025-05-02 15:56:39.438605,153.58566612554955,Weak Bull,0.39021579421882513,HOLD,-180.06192993239543,0.0,103682.64000534461,103682.64000534461,3.6826400053446173
413,2025-05-03 15:56:39.438605,152.836750288771,Weak Bull,0.3186670895065531,HOLD,0.0,0.0,103682.64000534461,103682.64000534461,3.6826400053446173
414,2025-05-04 15:56:39.438605,155.1234428267933,Weak Bull,0.3419649964646883,HOLD,0.0,0.0,103682.64000534461,103682.64000534461,3.6826400053446173
415,2025-05-05 15:56:39.438605,159.9351381264711,Weak Bull,0.4403261716542979,HOLD,0.0,0.0,103682.64000534461,103682.64000534461,3.6826400053446173
416,2025-05-06 15:56:39.438605,160.25242718739335,Weak Bull,0.39968030716631325,HOLD,0.0,0.0,103682.64000534461,103682.64000534461,3.6826400053446173
417,2025-05-07 15:56:39.438605,165.6409597499805,Weak Bull,0.47567188735042226,HOLD,0.0,0.0,103682.64000534461,103682.64000534461,3.6826400053446173
418,2025-05-08 15:56:39.438605,161.21204106056638,Weak Bull,0.3304510371913247,HOLD,0.0,0.0,103682.64000534461,103682.64000534461,3.6826400053446173
419,2025-05-09 15:56:39.438605,155.89034990745387,Weak Bull,0.12375734279730011,HOLD,0.0,0.0,103682.64000534461,103682.64000534461,3.6826400053446173
420,2025-05-10 15:56:39.438605,155.79513716631973,Neutral,0.07416521529990622,SELL,0.0,0.0,103682.64000534461,103682.64000534461,3.6826400053446173
421,2025-05-11 15:56:39.438605,157.07497355063444,Neutral,0.06267664449208754,SELL,0.0,0.0,103682.64000534461,103682.64000534461,3.6826400053446173
422,2025-05-12 15:56:39.438605,157.05080236352694,Neutral,0.0413150655662807,SELL,0.0,0.0,103682.64000534461,103682.64000534461,3.6826400053446173
423,2025-05-13 15:56:39.438605,150.7647225616953,Neutral,-0.08932988301338962,SELL,0.0,0.0,103682.64000534461,103682.64000534461,3.6826400053446173
424,2025-05-14 15:56:39.438605,150.57150567956023,Weak Bear,-0.11308684941718616,SELL,0.0,0.0,103682.64000534461,103682.64000534461,3.6826400053446173
425,2025-05-15 15:56:39.438605,146.76735324941845,Weak Bear,-0.158063480193816,SELL,0.0,0.0,103682.64000534461,103682.64000534461,3.6826400053446173
426,2025-05-16 15:56:39.438605,148.82068920883188,Weak Bear,-0.145723581929187,SELL,0.0,0.0,103682.64000534461,103682.64000534461,3.6826400053446173
427,2025-05-17 15:56:39.438605,149.99082387189094,Weak Bear,-0.12468098418220958,SELL,0.0,0.0,103682.64000534461,103682.64000534461,3.6826400053446173
428,2025-05-18 15:56:39.438605,147.27130858415347,Weak Bear,-0.16073939417325833,SELL,0.0,0.0,103682.64000534461,103682.64000534461,3.6826400053446173
429,2025-05-19 15:56:39.438605,145.83840358488013,Weak Bear,-0.1683751538431798,SELL,0.0,0.0,103682.64000534461,103682.64000534461,3.6826400053446173
430,2025-05-20 15:56:39.438605,142.85282629375317,Weak Bear,-0.18616269576814856,SELL,0.0,0.0,103682.64000534461,103682.64000534461,3.6826400053446173
431,2025-05-21 15:56:39.438605,142.74521553485485,Weak Bear,-0.1852002372985282,SELL,0.0,0.0,103682.64000534461,103682.64000534461,3.6826400053446173
432,2025-05-22 15:56:39.438605,145.57103463001673,Weak Bear,-0.15574944587352876,SELL,0.0,0.0,103682.64000534461,103682.64000534461,3.6826400053446173
433,2025-05-23 15:56:39.438605,142.8006579038138,Weak Bear,-0.21347515028312206,SELL,0.0,0.0,103682.64000534461,103682.64000534461,3.6826400053446173
434,2025-05-24 15:56:39.438605,144.31964368308817,Weak Bear,-0.19277547077058096,SELL,0.0,0.0,103682.64000534461,103682.64000534461,3.6826400053446173
435,2025-05-25 15:56:39.438605,142.8686154721513,Weak Bear,-0.21836715216266214,SELL,0.0,0.0,103682.64000534461,103682.64000534461,3.6826400053446173
436,2025-05-26 15:56:39.438605,140.69127887411028,Weak Bear,-0.23625720185897794,SELL,0.0,0.0,103682.64000534461,103682.64000534461,3.6826400053446173
437,2025-05-27 15:56:39.438605,140.46064898739644,Weak Bear,-0.24594073809722045,SELL,0.0,0.0,103682.64000534461,103682.64000534461,3.6826400053446173
438,2025-05-28 15:56:39.438605,137.65114155352765,Weak Bear,-0.2580544250383855,SELL,0.0,0.0,103682.64000534461,103682.64000534461,3.6826400053446173
439,2025-05-29 15:56:39.438605,136.2034247773838,Weak Bear,-0.2606797936412748,SELL,0.0,0.0,103682.64000534461,103682.64000534461,3.6826400053446173
440,2025-05-30 15:56:39.438605,133.04560720486725,Weak Bear,-0.26154033729241954,SELL,0.0,0.0,103682.64000534461,103682.64000534461,3.6826400053446173
441,2025-05-31 15:56:39.438605,138.44684805510892,Weak Bear,-0.16311502131929081,SELL,0.0,0.0,103682.64000534461,103682.64000534461,3.6826400053446173
442,2025-06-01 15:56:39.438605,138.6138146313478,Weak Bear,-0.13492048525914715,SELL,0.0,0.0,103682.64000534461,103682.64000534461,3.6826400053446173
443,2025-06-02 15:56:39.438605,136.75585343438874,Weak Bear,-0.1725671949588333,SELL,0.0,0.0,103682.64000534461,103682.64000534461,3.6826400053446173
444,2025-06-03 15:56:39.438605,137.41105602255433,Weak Bear,-0.13261858772829388,SELL,0.0,0.0,103682.64000534461,103682.64000534461,3.6826400053446173
445,2025-06-04 15:56:39.438605,137.17126869453858,Weak Bear,-0.13882179020772759,SELL,0.0,0.0,103682.64000534461,103682.64000534461,3.6826400053446173
446,2025-06-05 15:56:39.438605,136.63469293492508,Weak Bear,-0.1414780034564028,SELL,0.0,0.0,103682.64000534461,103682.64000534461,3.6826400053446173
447,2025-06-06 15:56:39.438605,138.39255155967547,Neutral,-0.032541910008127256,BUY,0.0,0.0,103682.64000534461,103682.64000534461,3.6826400053446173
448,2025-06-07 15:56:39.438605,140.57545315092872,Weak Bull,0.1073407484991333,BUY,0.0,0.0,103682.64000534461,103682.64000534461,3.6826400053446173
449,2025-06-08 15:56:39.438605,139.16139223177518,Neutral,0.0639633603361581,BUY,0.0,0.0,103682.64000534461,103682.64000534461,3.6826400053446173
450,2025-06-09 15:56:39.438605,137.63675297738808,Neutral,0.010815985389984115,BUY,0.0,0.0,103682.64000534461,103682.64000534461,3.6826400053446173
451,2025-06-10 15:56:39.438605,136.95014520934004,Neutral,0.002048470345285977,BUY,0.0,0.0,103682.64000534461,103682.64000534461,3.6826400053446173
452,2025-06-11 15:56:39.438605,130.85352040262754,Weak Bear,-0.14474834898531425,HOLD,0.0,0.0,103682.64000534461,103682.64000534461,3.6826400053446173
453,2025-06-12 15:56:39.438605,127.01112886516913,Weak Bear,-0.1707240395594129,SELL,0.0,0.0,103682.64000534461,103682.64000534461,3.6826400053446173
454,2025-06-13 15:56:39.438605,130.5964712337888,Weak Bear,-0.12390685542383614,SELL,0.0,0.0,103682.64000534461,103682.64000534461,3.6826400053446173
455,2025-06-14 15:56:39.438605,135.0319680934675,Neutral,0.05738876172712137,SELL,0.0,0.0,103682.64000534461,103682.64000534461,3.6826400053446173
456,2025-06-15 15:56:39.438605,134.42828103315676,Neutral,0.06078521230444486,BUY,0.0,0.0,103682.64000534461,103682.64000534461,3.6826400053446173
457,2025-06-16 15:56:39.438605,136.05537467143475,Weak Bull,0.1442653158376422,BUY,0.0,0.0,103682.64000534461,103682.64000534461,3.6826400053446173
458,2025-06-17 15:56:39.438605,136.9734309924548,Weak Bull,0.19052832860754096,BUY,0.0,0.0,103682.64000534461,103682.64000534461,3.6826400053446173
459,2025-06-18 15:56:39.438605,145.74588460240642,Weak Bull,0.4207274833003574,BUY,99.51814641767406,99.51814641767406,89178.27972170891,103682.64000534461,3.6826400053446173
460,2025-06-19 15:56:39.438605,149.1207062517819,Weak Bull,0.46178522353182094,BUY,0.0,99.51814641767406,89178.27972170891,104018.4960003807,4.018496000380711
461,2025-06-20 15:56:39.438605,148.81407905482112,Weak Bull,0.4677922794331054,BUY,0.0,99.51814641767406,89178.27972170891,103987.98103009792,3.98798103009792
462,2025-06-21 15:56:39.438605,146.07014133042324,Weak Bull,0.45129529338073704,BUY,0.0,99.51814641767406,89178.27972170891,103714.90943388031,3.714909433880309
463,2025-06-22 15:56:39.438605,141.5223988067287,Weak Bull,0.3475801869598265,BUY,0.0,99.51814641767406,89178.27972170891,103262.3265275374,3.262326527537396
464,2025-06-23 15:56:39.438605,142.17053286546678,Weak Bull,0.3639525071933147,BUY,0.0,99.51814641767406,89178.27972170891,103326.82762769317,3.326827627693163
465,2025-06-24 15:56:39.438605,140.10613714185388,Weak Bull,0.2992187189040002,BUY,0.0,99.51814641767406,89178.27972170891,103121.38279180665,3.1213827918066483
466,2025-06-25 15:56:39.438605,136.24506103875743,Weak Bull,0.17607913429056504,BUY,0.0,99.51814641767406,89178.27972170891,102737.13565484891,2.737135654848921
467,2025-06-26 15:56:39.438605,134.56182057144156,Weak Bull,0.12097530784699112,HOLD,-99.51814641767406,0.0,102569.62268356641,102569.62268356641,2.5696226835664193
468,2025-06-27 15:56:39.438605,131.7482317227722,Neutral,0.054415969085682164,SELL,0.0,0.0,102569.62268356641,102569.62268356641,2.5696226835664193
469,2025-06-28 15:56:39.438605,136.3377957598443,Weak Bull,0.1831207918097372,HOLD,0.0,0.0,102569.62268356641,102569.62268356641,2.5696226835664193
470,2025-06-29 15:56:39.438605,138.83253098644508,Weak Bull,0.26555748102195953,HOLD,0.0,0.0,102569.62268356641,102569.62268356641,2.5696226835664193
471,2025-06-30 15:56:39.438605,138.8798180637689,Weak Bull,0.25886664101069135,HOLD,0.0,0.0,102569.62268356641,102569.62268356641,2.5696226835664193
472,2025-07-01 15:56:39.438605,143.12348994701102,Weak Bull,0.37180201209594416,BUY,88.59541068933162,88.59541068933162,89889.53831242054,102569.62268356641,2.5696226835664193
473,2025-07-02 15:56:39.438605,143.41681630678983,Weak Bull,0.3501055611025164,BUY,0.0,88.59541068933162,89889.53831242054,102595.61005287702,2.5956100528770287
474,2025-07-03 15:56:39.438605,141.03802089844172,Weak Bull,0.2382366698664469,BUY,0.0,88.59541068933162,89889.53831242054,102384.85969672853,2.384859696728525
475,2025-07-04 15:56:39.438605,145.47321602094743,Weak Bull,0.3507834217756373,BUY,0.0,88.59541068933162,89889.53831242054,102777.79763009424,2.7777976300942475
476,2025-07-05 15:56:39.438605,147.12317899060685,Weak Bull,0.3764552781810679,BUY,0.0,88.59541068933162,89889.53831242054,102923.97677701339,2.923976777013393
477,2025-07-06 15:56:39.438605,144.17462883949284,Weak Bull,0.2761189825244123,BUY,0.0,88.59541068933162,89889.53831242054,102662.74876543737,2.6627487654373727
478,2025-07-07 15:56:39.438605,143.69866337729943,Weak Bull,0.2414863421302457,BUY,0.0,88.59541068933162,89889.53831242054,102620.5804098404,2.6205804098404117
479,2025-07-08 15:56:39.438605,141.27468650800728,Weak Bull,0.13747407495723948,BUY,0.0,88.59541068933162,89889.53831242054,102405.82718360402,2.4058271836040257
480,2025-07-09 15:56:39.438605,137.4898549048756,Neutral,0.018051720882074157,SELL,-93.05135632910384,0.0,102070.50847333462,102070.50847333462,2.070508473334609
481,2025-07-10 15:56:39.438605,140.1304371562658,Weak Bull,0.15306054772135447,HOLD,0.0,0.0,102070.50847333462,102070.50847333462,2.070508473334609
482,2025-07-11 15:56:39.438605,145.65808849376097,Weak Bull,0.36784199498129344,BUY,85.70746122926236,85.70746122926236,89586.52350102713,102070.50847333462,2.070508473334609
483,2025-07-12 15:56:39.438605,141.71112636110772,Weak Bull,0.2524123189706374,BUY,0.0,85.70746122926236,89586.52350102713,101732.22436937687,1.732224369376878
484,2025-07-13 15:56:39.438605,143.38739866588787,Weak Bull,0.31598679151235554,BUY,0.0,85.70746122926236,89586.52350102713,101875.8934129485,1.8758934129484928
