date,cash,positions_value,total_equity,num_positions
2020-07-31,100000.0,0.0,100000.0,0
2020-08-01,100000.0,0.0,100000.0,0
2020-08-02,100000.0,0.0,100000.0,0
2020-08-03,100000.0000000536,0.0,100000.0000000536,1
2020-08-04,100000.00000013823,-6.189726671697975e-08,100000.00000007632,2
2020-08-05,100000.00000027675,0.0,100000.00000027675,1
2020-08-06,100000.00000027748,0.0,100000.00000027748,1
2020-08-07,100000.00000027762,0.0,100000.00000027762,1
2020-08-08,100000.00026817295,0.0,100000.00026817295,1
2020-08-09,99999.97635100654,0.0,99999.97635100654,1
2020-08-10,99999.98834505327,0.0,99999.98834505327,1
2020-08-11,99999.98504837995,0.0,99999.98504837995,1
2020-08-12,99999.9912863636,0.0,99999.9912863636,1
2020-08-13,99999.99645911281,0.0,99999.99645911281,1
2020-08-14,100000.00016213983,0.0,100000.00016213983,1
2020-08-15,100000.00197420912,-0.002502253000501177,99999.99947195612,2
2020-08-16,100000.00326557939,-0.003015219124862146,100000.00025036026,3
2020-08-17,100000.00680951566,0.00040340074439696713,100000.0072129164,2
2020-08-18,100000.00791300449,-0.0013484047239177028,100000.00656459977,3
2020-08-19,100000.01001732315,0.00039946074084039844,100000.01041678389,2
2020-08-20,100000.01144279719,0.0,100000.01144279719,0
2020-08-21,100000.01144279719,0.0,100000.01144279719,0
2020-08-22,100000.01144279719,0.0,100000.01144279719,0
2020-08-23,100000.01144279719,0.0,100000.01144279719,0
2020-08-24,100000.01144279719,0.0,100000.01144279719,0
2020-08-25,100000.01144279719,0.0,100000.01144279719,0
2020-08-26,100000.01144279719,0.0,100000.01144279719,0
2020-08-27,100000.01144279719,0.0,100000.01144279719,0
2020-08-28,100000.01144279719,0.0,100000.01144279719,0
2020-08-29,100000.01144279719,0.0,100000.01144279719,0
2020-08-30,100000.01144279719,0.0,100000.01144279719,0
2020-08-31,100000.01144279719,0.0,100000.01144279719,0
2020-09-01,100000.01144279719,0.0,100000.01144279719,0
2020-09-02,100000.01144279719,0.0,100000.01144279719,0
2020-09-03,100000.01144279719,0.0,100000.01144279719,0
2020-09-04,100000.01144279719,0.0,100000.01144279719,0
2020-09-05,100000.01144279719,0.0,100000.01144279719,0
2020-09-06,100000.01144279719,0.0,100000.01144279719,0
2020-09-07,100000.01144279719,0.0,100000.01144279719,0
2020-09-08,100000.01144279719,0.0,100000.01144279719,0
2020-09-09,100000.01144279719,0.0,100000.01144279719,0
2020-09-10,100000.03041053526,0.0,100000.03041053526,1
2020-09-11,100000.05445530603,-0.02407795469887633,100000.03037735133,2
2020-09-12,100000.07449151842,-0.01410187662294578,100000.06038964179,3
2020-09-13,100000.1366245976,0.006851986308644052,100000.14347658391,2
2020-09-14,100000.17043672815,-0.04763927606327605,100000.12279745209,3
2020-09-15,100000.2004115517,-0.0014264515022596302,100000.1989851002,4
2020-09-16,100000.32346921998,0.0,100000.32346921998,1
2020-09-17,100000.35858270057,0.0036316139961750627,100000.36221431458,2
2020-09-18,100000.39413249408,0.013590029807098683,100000.40772252389,3
2020-09-19,99997.82121941747,0.0,99997.82121941747,1
2020-09-20,99998.01311313361,-0.12503205018170402,99997.88808108342,2
2020-09-21,99998.23595032438,0.05076076045572751,99998.28671108483,2
2020-09-22,99997.8891982682,0.0,99997.8891982682,0
2020-09-23,99997.8891982682,0.0,99997.8891982682,0
2020-09-24,99997.8891982682,0.0,99997.8891982682,0
2020-09-25,99997.8891982682,0.0,99997.8891982682,0
2020-09-26,99997.8891982682,0.0,99997.8891982682,0
2020-09-27,99997.8891982682,0.0,99997.8891982682,0
2020-09-28,99997.8891982682,0.0,99997.8891982682,0
2020-09-29,99997.8891982682,0.0,99997.8891982682,0
2020-09-30,99997.8891982682,0.0,99997.8891982682,0
2020-10-01,99997.8891982682,0.0,99997.8891982682,0
2020-10-02,99997.8891982682,0.0,99997.8891982682,0
2020-10-03,99997.8891982682,0.0,99997.8891982682,0
2020-10-04,99997.8891982682,0.0,99997.8891982682,0
2020-10-05,99997.8891982682,0.0,99997.8891982682,0
2020-10-06,99997.8891982682,0.0,99997.8891982682,0
2020-10-07,99997.8891982682,0.0,99997.8891982682,0
2020-10-08,99997.8891982682,0.0,99997.8891982682,0
2020-10-09,99997.8891982682,0.0,99997.8891982682,0
2020-10-10,99997.8891982682,0.0,99997.8891982682,0
2020-10-11,99997.8891982682,0.0,99997.8891982682,0
2020-10-12,99997.8891982682,0.0,99997.8891982682,0
2020-10-13,99997.94826555507,0.0,99997.94826555507,1
2020-10-14,99998.03607803358,0.0,99998.03607803358,1
2020-10-15,99998.08862500546,0.013263524139562114,99998.1018885296,2
2020-10-16,99998.1487858771,0.019012565207139002,99998.1677984423,2
2020-10-17,99998.2066276111,0.006909553157140183,99998.21353716425,2
2020-10-18,99998.23809306425,0.01846781470040339,99998.25656087896,3
2020-10-19,99998.32715223434,0.0,99998.32715223434,1
2020-10-20,99998.33140348055,0.0,99998.33140348055,1
2020-10-21,99998.33516409593,0.0,99998.33516409593,1
2020-10-22,99998.3354922264,0.0,99998.3354922264,0
2020-10-23,99998.3354922264,0.0,99998.3354922264,0
2020-10-24,99998.3354922264,0.0,99998.3354922264,0
2020-10-25,99998.33570779276,0.0,99998.33570779276,1
2020-10-26,99998.33604988585,0.0,99998.33604988585,1
2020-10-27,99998.33560453352,0.0,99998.33560453352,1
2020-10-28,99998.33599896506,0.0,99998.33599896506,1
2020-10-29,99998.33615369844,0.0,99998.33615369844,1
2020-10-30,99998.33627806901,0.0,99998.33627806901,1
2020-10-31,99998.33636938997,0.0,99998.33636938997,1
2020-11-01,99998.33644523076,0.0,99998.33644523076,1
2020-11-02,99998.3365503073,0.0,99998.3365503073,1
2020-11-03,99998.33662802388,-2.3815072121980295e-05,99998.33660420882,2
2020-11-04,99998.33678967711,0.0,99998.33678967711,1
2020-11-05,99998.33686737926,2.1312388867000675e-05,99998.33688869164,2
2020-11-06,99998.33698788274,3.57050045924979e-05,99998.33702358774,2
2020-11-07,99998.33723942797,0.0,99998.33723942797,1
2020-11-08,99998.337396539,0.0,99998.337396539,1
2020-11-09,99998.3374649785,0.0,99998.3374649785,1
2020-11-10,99998.33749107253,0.0,99998.33749107253,1
2020-11-11,99998.33749373343,0.0,99998.33749373343,1
2020-11-12,99998.33749373422,0.0,99998.33749373422,1
2020-11-13,99998.33749373496,-5.770497421843315e-10,99998.33749373438,2
2020-11-14,99998.33749373705,0.0,99998.33749373705,1
2020-11-15,99998.33749373832,0.0,99998.33749373832,1
2020-11-16,99998.33749373947,0.0,99998.33749373947,1
2020-11-17,99998.33749374055,0.0,99998.33749374055,1
2020-11-18,99998.33749373909,0.0,99998.33749373909,1
2020-11-19,99998.33749426708,-1.1284774582889017e-09,99998.33749426594,2
2020-11-20,99998.33748297182,0.0,99998.33748297182,1
2020-11-21,99998.33747027357,0.0,99998.33747027357,1
2020-11-22,99998.33748618404,0.0,99998.33748618404,1
2020-11-23,99998.33750226015,0.0,99998.33750226015,1
2020-11-24,99998.33752232726,0.0,99998.33752232726,1
2020-11-25,99998.33754237327,0.0,99998.33754237327,1
2020-11-26,99998.33755510606,0.0,99998.33755510606,1
2020-11-27,99998.33753013477,0.0,99998.33753013477,1
2020-11-28,99998.33754302641,0.0,99998.33754302641,1
2020-11-29,99998.33754961658,1.653291139566834e-06,99998.33755126987,2
2020-11-30,99998.33756898103,0.0,99998.33756898103,1
2020-12-01,99998.33758079747,-3.5346613589871725e-06,99998.3375772628,2
2020-12-02,99998.33757548111,-1.7345655974447776e-05,99998.33755813546,2
2020-12-03,99998.33759747332,2.705597674348474e-06,99998.33760017891,2
2020-12-04,99998.33761487559,3.703909389303422e-06,99998.3376185795,2
2020-12-05,99998.33763935989,0.0,99998.33763935989,1
2020-12-06,99998.33752086386,0.0,99998.33752086386,1
2020-12-07,99998.33756343758,0.0,99998.33756343758,0
2020-12-08,99998.33756343758,0.0,99998.33756343758,0
2020-12-09,99998.33756343758,0.0,99998.33756343758,0
2020-12-10,99998.33756343758,0.0,99998.33756343758,0
2020-12-11,99998.33756343758,0.0,99998.33756343758,0
2020-12-12,99998.33756343758,0.0,99998.33756343758,0
2020-12-13,99998.33756343758,0.0,99998.33756343758,0
2020-12-14,99998.33756343758,0.0,99998.33756343758,0
2020-12-15,99998.33756343758,0.0,99998.33756343758,0
2020-12-16,99998.33756343758,0.0,99998.33756343758,0
2020-12-17,99998.33756343758,0.0,99998.33756343758,0
2020-12-18,99998.33756343758,0.0,99998.33756343758,0
2020-12-19,99998.33756343758,0.0,99998.33756343758,0
2020-12-20,99998.33756343758,0.0,99998.33756343758,0
2020-12-21,99998.33756343758,0.0,99998.33756343758,0
2020-12-22,99998.33756343758,0.0,99998.33756343758,0
2020-12-23,99998.33756343758,0.0,99998.33756343758,0
2020-12-24,99998.33756343758,0.0,99998.33756343758,0
2020-12-25,99998.33756343758,0.0,99998.33756343758,0
2020-12-26,99998.33756343758,0.0,99998.33756343758,0
2020-12-27,99998.33756343758,0.0,99998.33756343758,0
2020-12-28,99998.33756343758,0.0,99998.33756343758,0
2020-12-29,99998.33756343758,0.0,99998.33756343758,0
2020-12-30,99998.33756494462,0.0,99998.33756494462,1
2020-12-31,99998.33756651424,-2.989707664605108e-07,99998.33756621527,2
2021-01-01,99998.33757008486,0.0,99998.33757008486,1
2021-01-02,99998.33757174635,0.0,99998.33757174635,1
2021-01-03,99998.33757284169,4.3477172570766906e-07,99998.33757327645,2
2021-01-04,99998.33757220287,-1.0524582520894982e-06,99998.33757115042,2
2021-01-05,99998.33757516748,0.0,99998.33757516748,1
2021-01-06,99998.3375759425,0.0,99998.3375759425,1
2021-01-07,99998.33757732867,0.0,99998.33757732867,1
2021-01-08,99998.33758008052,0.0,99998.33758008052,1
2021-01-09,99998.33764979213,7.720116722706964e-07,99998.33765056414,2
2021-01-10,99998.33775657335,-0.0001053492091546906,99998.33765122414,3
2021-01-11,99998.33795703368,0.0,99998.33795703368,1
2021-01-12,99998.33799717242,0.0,99998.33799717242,1
2021-01-13,99998.3380267769,0.0,99998.3380267769,1
2021-01-14,99998.33805274361,-1.4849379390367285e-06,99998.33805125867,2
2021-01-15,99998.33717898362,0.0,99998.33717898362,1
2021-01-16,99998.33728159497,3.522268820371577e-05,99998.33731681766,2
2021-01-17,99998.32997805842,0.0,99998.32997805842,1
2021-01-18,99998.33100894412,-0.0008749825095802164,99998.33013396162,2
2021-01-19,99998.33204619246,-0.0010177274617595915,99998.33102846499,3
2021-01-20,99998.33475642662,0.0,99998.33475642662,1
2021-01-21,99998.3352365281,0.0001989830237817166,99998.33543551112,2
2021-01-22,99998.33747291396,0.0,99998.33747291396,1
2021-01-23,99998.3399430805,0.0,99998.3399430805,1
2021-01-24,99998.34127019077,0.0001492018126228944,99998.34141939257,2
2021-01-25,99998.34316619839,-0.003196815672218475,99998.33996938272,3
2021-01-26,99998.34764535296,0.0,99998.34764535296,1
2021-01-27,99998.34848398555,-0.0010280869614941997,99998.34745589859,2
2021-01-28,99998.35105112521,0.00015572929182262893,99998.3512068545,2
2021-01-29,99998.35500858001,0.0,99998.35500858001,1
2021-01-30,99998.35695648692,0.0005675636759830927,99998.3575240506,2
2021-01-31,99998.33799606634,0.0,99998.33799606634,1
2021-02-01,99998.34950456019,0.0,99998.34950456019,1
2021-02-02,99998.35742773807,0.0023701403647925384,99998.35979787844,2
2021-02-03,99998.37619184358,0.0,99998.37619184358,1
2021-02-04,99998.36192999277,0.0,99998.36192999277,1
2021-02-05,99998.37585500449,-0.004019552814115986,99998.37183545167,2
2021-02-06,99998.38819200675,0.011056533685606752,99998.39924854043,3
2021-02-07,99998.41821313808,0.0060872184739326415,99998.42430035655,2
2021-02-08,99998.43823466526,0.0,99998.43823466526,0
2021-02-09,99998.43823466526,0.0,99998.43823466526,0
2021-02-10,99998.43823466526,0.0,99998.43823466526,0
2021-02-11,99998.43823466526,0.0,99998.43823466526,0
2021-02-12,99998.43823466526,0.0,99998.43823466526,0
2021-02-13,99998.43823466526,0.0,99998.43823466526,0
2021-02-14,99998.43823466526,0.0,99998.43823466526,0
2021-02-15,99998.43823466526,0.0,99998.43823466526,0
2021-02-16,99998.43823466526,0.0,99998.43823466526,0
2021-02-17,99998.43823466526,0.0,99998.43823466526,0
2021-02-18,99998.43823466526,0.0,99998.43823466526,0
2021-02-19,99998.43823466526,0.0,99998.43823466526,0
2021-02-20,99998.43823466526,0.0,99998.43823466526,0
2021-02-21,99998.43823466526,0.0,99998.43823466526,0
2021-02-22,99998.43823466526,0.0,99998.43823466526,0
2021-02-23,99998.43829278233,0.0,99998.43829278233,1
2021-02-24,99998.4384565886,0.0,99998.4384565886,1
2021-02-25,99998.43906395121,0.0,99998.43906395121,1
2021-02-26,99998.43937639719,0.00025477905359396575,99998.43963117624,2
2021-02-27,99998.44034275613,0.0,99998.44034275613,1
2021-02-28,99998.44059525247,0.0,99998.44059525247,1
2021-03-01,99998.44109930246,0.0,99998.44109930246,1
2021-03-02,99998.44144733337,0.0,99998.44144733337,1
2021-03-03,99998.44157512912,0.0,99998.44157512912,1
2021-03-04,99998.44169621808,0.0,99998.44169621808,1
2021-03-05,99998.43930104461,0.0,99998.43930104461,1
2021-03-06,99998.43959458613,1.2124203867573072e-05,99998.43960671034,2
2021-03-07,99998.41724988681,0.0,99998.41724988681,1
2021-03-08,99998.41902293981,-9.880558474113695e-05,99998.41892413422,2
2021-03-09,99998.42355882241,0.0,99998.42355882241,1
2021-03-10,99998.42955661123,0.0,99998.42955661123,1
2021-03-11,99998.43407221603,0.00037344664930114577,99998.43444566267,2
2021-03-12,99998.44713881685,0.0,99998.44713881685,1
2021-03-13,99998.42648514613,0.0,99998.42648514613,1
2021-03-14,99998.3983950492,0.0,99998.3983950492,1
2021-03-15,99998.42085809869,0.012737149622218405,99998.43359524831,2
2021-03-16,99998.4763331198,0.0,99998.4763331198,1
2021-03-17,99998.4963810282,0.006024360370789571,99998.50240538857,2
2021-03-18,99998.31273232384,0.0,99998.31273232384,1
2021-03-19,99998.32517610642,0.0,99998.32517610642,0
2021-03-20,99998.32517610642,0.0,99998.32517610642,0
2021-03-21,99998.32517610642,0.0,99998.32517610642,0
2021-03-22,99998.32517610642,0.0,99998.32517610642,0
2021-03-23,99998.32517610642,0.0,99998.32517610642,0
2021-03-24,99998.32517610642,0.0,99998.32517610642,0
2021-03-25,99998.32517610642,0.0,99998.32517610642,0
2021-03-26,99998.32517610642,0.0,99998.32517610642,0
2021-03-27,99998.32517610642,0.0,99998.32517610642,0
2021-03-28,99998.32517610642,0.0,99998.32517610642,0
2021-03-29,99998.32517610642,0.0,99998.32517610642,0
2021-03-30,99998.32517610642,0.0,99998.32517610642,0
2021-03-31,99998.32517610642,0.0,99998.32517610642,0
2021-04-01,99998.32517610642,0.0,99998.32517610642,0
2021-04-02,99998.32517610642,0.0,99998.32517610642,0
2021-04-03,99998.32517610642,0.0,99998.32517610642,0
2021-04-04,99998.32517610642,0.0,99998.32517610642,0
2021-04-05,99998.32517610642,0.0,99998.32517610642,0
2021-04-06,99998.32517610642,0.0,99998.32517610642,0
2021-04-07,99998.32517610642,0.0,99998.32517610642,0
2021-04-08,99998.32517610642,0.0,99998.32517610642,0
2021-04-09,99998.32517610642,0.0,99998.32517610642,0
2021-04-10,99998.32517610642,0.0,99998.32517610642,0
2021-04-11,99998.32517610642,0.0,99998.32517610642,0
2021-04-12,99998.32517610642,0.0,99998.32517610642,0
2021-04-13,99998.32517610642,0.0,99998.32517610642,0
2021-04-14,99998.32517610642,0.0,99998.32517610642,0
2021-04-15,99998.32517610642,0.0,99998.32517610642,0
2021-04-16,99998.32517610642,0.0,99998.32517610642,0
2021-04-17,99998.32517610642,0.0,99998.32517610642,0
2021-04-18,99998.32517610642,0.0,99998.32517610642,0
2021-04-19,99998.32517610642,0.0,99998.32517610642,0
2021-04-20,99998.32517610642,0.0,99998.32517610642,0
2021-04-21,99998.32517610642,0.0,99998.32517610642,0
2021-04-22,99998.32517610642,0.0,99998.32517610642,0
2021-04-23,99998.32517610642,0.0,99998.32517610642,0
2021-04-24,99998.32517610642,0.0,99998.32517610642,0
2021-04-25,99998.32517610642,0.0,99998.32517610642,0
2021-04-26,99998.32517610642,0.0,99998.32517610642,0
2021-04-27,99998.32517610642,0.0,99998.32517610642,0
2021-04-28,99998.32517610642,0.0,99998.32517610642,0
2021-04-29,99998.32517610642,0.0,99998.32517610642,0
2021-04-30,99998.32517610642,0.0,99998.32517610642,0
2021-05-01,99998.32517610642,0.0,99998.32517610642,0
2021-05-02,99998.32517610642,0.0,99998.32517610642,0
2021-05-03,99998.32517610642,0.0,99998.32517610642,0
2021-05-04,99998.32517610642,0.0,99998.32517610642,0
2021-05-05,99998.32517610642,0.0,99998.32517610642,0
2021-05-06,99998.32517610642,0.0,99998.32517610642,0
2021-05-07,99998.32517610642,0.0,99998.32517610642,0
2021-05-08,99998.32517610642,0.0,99998.32517610642,0
2021-05-09,99998.32517610642,0.0,99998.32517610642,0
2021-05-10,99998.32517610642,0.0,99998.32517610642,0
2021-05-11,99998.32517610642,0.0,99998.32517610642,0
2021-05-12,99998.32517610642,0.0,99998.32517610642,0
2021-05-13,99998.32517610642,0.0,99998.32517610642,0
2021-05-14,99998.32517610642,0.0,99998.32517610642,0
2021-05-15,99998.32517610642,0.0,99998.32517610642,0
2021-05-16,99998.32517610642,0.0,99998.32517610642,0
2021-05-17,99998.32517610642,0.0,99998.32517610642,0
2021-05-18,99998.32517610642,0.0,99998.32517610642,0
2021-05-19,99998.32517610642,0.0,99998.32517610642,0
2021-05-20,99998.32517610642,0.0,99998.32517610642,0
2021-05-21,99998.32517610642,0.0,99998.32517610642,0
2021-05-22,99998.32517610642,0.0,99998.32517610642,0
2021-05-23,99998.32517610642,0.0,99998.32517610642,0
2021-05-24,99998.32517610642,0.0,99998.32517610642,0
2021-05-25,99998.32517610642,0.0,99998.32517610642,0
2021-05-26,99998.32517610642,0.0,99998.32517610642,0
2021-05-27,99998.32517610642,0.0,99998.32517610642,0
2021-05-28,99998.32517610642,0.0,99998.32517610642,0
2021-05-29,99998.32517610642,0.0,99998.32517610642,0
2021-05-30,99998.32517610642,0.0,99998.32517610642,0
2021-05-31,99998.32517610642,0.0,99998.32517610642,0
2021-06-01,99998.32517610642,0.0,99998.32517610642,0
2021-06-02,99998.32517610642,0.0,99998.32517610642,0
2021-06-03,99998.32517610642,0.0,99998.32517610642,0
2021-06-04,99998.32517610642,0.0,99998.32517610642,0
2021-06-05,99998.32517610642,0.0,99998.32517610642,0
2021-06-06,99998.32517610642,0.0,99998.32517610642,0
2021-06-07,99998.32517610642,0.0,99998.32517610642,0
2021-06-08,99998.32517610642,0.0,99998.32517610642,0
2021-06-09,99998.32517610642,0.0,99998.32517610642,0
2021-06-10,99998.32517610642,0.0,99998.32517610642,0
2021-06-11,99998.32517610642,0.0,99998.32517610642,0
2021-06-12,99998.32517610642,0.0,99998.32517610642,0
2021-06-13,99998.32517610642,0.0,99998.32517610642,0
2021-06-14,99998.32517610642,0.0,99998.32517610642,0
2021-06-15,99998.32517610642,0.0,99998.32517610642,0
2021-06-16,99998.32517610642,0.0,99998.32517610642,0
2021-06-17,99998.32517610642,0.0,99998.32517610642,0
2021-06-18,99998.32517610642,0.0,99998.32517610642,0
2021-06-19,99998.32517610642,0.0,99998.32517610642,0
2021-06-20,99998.32517610642,0.0,99998.32517610642,0
2021-06-21,99998.32517610642,0.0,99998.32517610642,0
2021-06-22,99998.32517610642,0.0,99998.32517610642,0
2021-06-23,99998.32517610642,0.0,99998.32517610642,0
2021-06-24,99998.32517610642,0.0,99998.32517610642,0
2021-06-25,99998.32517610642,0.0,99998.32517610642,0
2021-06-26,99998.32517610642,0.0,99998.32517610642,0
2021-06-27,99998.32517610642,0.0,99998.32517610642,0
2021-06-28,99998.32517610642,0.0,99998.32517610642,0
2021-06-29,99998.32517610642,0.0,99998.32517610642,0
2021-06-30,99998.32517610642,0.0,99998.32517610642,0
2021-07-01,99998.32517610642,0.0,99998.32517610642,0
2021-07-02,99998.32517610642,0.0,99998.32517610642,0
2021-07-03,99998.32517610642,0.0,99998.32517610642,0
2021-07-04,99998.32517610642,0.0,99998.32517610642,0
2021-07-05,99998.32517610642,0.0,99998.32517610642,0
2021-07-06,99998.32517610642,0.0,99998.32517610642,0
2021-07-07,99998.32517610642,0.0,99998.32517610642,0
2021-07-08,99998.32517610642,0.0,99998.32517610642,0
2021-07-09,99998.32517610642,0.0,99998.32517610642,0
2021-07-10,99998.32517610642,0.0,99998.32517610642,0
2021-07-11,99998.32517610642,0.0,99998.32517610642,0
2021-07-12,99998.32517610642,0.0,99998.32517610642,0
2021-07-13,99998.32517610642,0.0,99998.32517610642,0
2021-07-14,99998.32517610642,0.0,99998.32517610642,0
2021-07-15,99998.32517610642,0.0,99998.32517610642,0
2021-07-16,99998.32517610642,0.0,99998.32517610642,0
2021-07-17,99998.32517610642,0.0,99998.32517610642,0
2021-07-18,99998.32517610642,0.0,99998.32517610642,0
2021-07-19,99998.32517610642,0.0,99998.32517610642,0
2021-07-20,99998.32517610642,0.0,99998.32517610642,0
2021-07-21,99998.32517610642,0.0,99998.32517610642,0
2021-07-22,99998.32517610642,0.0,99998.32517610642,0
2021-07-23,99998.32517610642,0.0,99998.32517610642,0
2021-07-24,99998.32517610642,0.0,99998.32517610642,0
2021-07-25,99998.32517610642,0.0,99998.32517610642,0
2021-07-26,99998.32517610642,0.0,99998.32517610642,0
2021-07-27,99998.32517610642,0.0,99998.32517610642,0
2021-07-28,99998.32517610642,0.0,99998.32517610642,0
2021-07-29,99998.32517610642,0.0,99998.32517610642,0
2021-07-30,99998.32517610642,0.0,99998.32517610642,0
2021-07-31,99998.32517610642,0.0,99998.32517610642,0
2021-08-01,99998.32517610642,0.0,99998.32517610642,0
2021-08-02,99998.32517610642,0.0,99998.32517610642,0
2021-08-03,99998.32517610642,0.0,99998.32517610642,0
2021-08-04,99998.32517610642,0.0,99998.32517610642,0
2021-08-05,99998.32517610642,0.0,99998.32517610642,0
2021-08-06,99998.32517610642,0.0,99998.32517610642,0
2021-08-07,99998.32517610642,0.0,99998.32517610642,0
2021-08-08,99998.32517610642,0.0,99998.32517610642,0
2021-08-09,99998.32517610642,0.0,99998.32517610642,0
2021-08-10,99998.32517610642,0.0,99998.32517610642,0
2021-08-11,99998.32517610642,0.0,99998.32517610642,0
2021-08-12,99998.32517610642,0.0,99998.32517610642,0
2021-08-13,99998.32517610642,0.0,99998.32517610642,0
2021-08-14,99998.32517610642,0.0,99998.32517610642,0
2021-08-15,99998.32517610642,0.0,99998.32517610642,0
2021-08-16,99998.32517610642,0.0,99998.32517610642,0
2021-08-17,99998.32517610642,0.0,99998.32517610642,0
2021-08-18,99998.32517610642,0.0,99998.32517610642,0
2021-08-19,99998.32517610642,0.0,99998.32517610642,0
2021-08-20,99998.32517610642,0.0,99998.32517610642,0
2021-08-21,99998.32517610642,0.0,99998.32517610642,0
2021-08-22,99998.32517610642,0.0,99998.32517610642,0
2021-08-23,99998.32517610642,0.0,99998.32517610642,0
2021-08-24,99998.32517610642,0.0,99998.32517610642,0
2021-08-25,99998.32517610642,0.0,99998.32517610642,0
2021-08-26,99998.32517610642,0.0,99998.32517610642,0
2021-08-27,99998.3271137588,0.0,99998.3271137588,1
2021-08-28,99998.32966415306,0.0,99998.32966415306,1
2021-08-29,99998.33052317501,-0.0004774187021812552,99998.33004575632,2
2021-08-30,99998.3256620925,0.0,99998.3256620925,1
2021-08-31,99998.32677975036,-0.002676258826613887,99998.32410349154,2
2021-09-01,99998.3297236379,0.0,99998.3297236379,1
2021-09-02,99998.33092695821,0.0,99998.33092695821,1
2021-09-03,99998.33164685738,0.00016678925844831974,99998.33181364664,2
2021-09-04,99998.3333307706,0.0,99998.3333307706,1
2021-09-05,99998.33349806505,0.00021500551146180844,99998.33371307056,2
2021-09-06,99998.3351759878,0.0,99998.3351759878,1
2021-09-07,99998.33629927451,0.00046815061015718635,99998.33676742512,2
2021-09-08,99998.33886314202,0.0,99998.33886314202,1
2021-09-09,99998.34028267446,0.0,99998.34028267446,1
2021-09-10,99998.34101249599,0.0,99998.34101249599,1
2021-09-11,99998.3413762073,0.0,99998.3413762073,1
2021-09-12,99998.34158373892,-0.00015616612861764703,99998.34142757278,2
2021-09-13,99998.34189902994,3.843682822589215e-05,99998.34193746677,2
2021-09-14,99998.34318075463,0.0,99998.34318075463,1
2021-09-15,99998.34546220604,0.0,99998.34546220604,1
2021-09-16,99998.34830642243,0.0,99998.34830642243,1
2021-09-17,99998.34984931702,0.0002282487641789717,99998.35007756579,2
2021-09-18,99998.34878664999,-0.0033103604546716246,99998.34547628954,2
2021-09-19,99998.35098649847,-0.00018600282347936608,99998.35080049564,3
2021-09-20,99998.35579818043,0.0006344551889872201,99998.35643263563,2
2021-09-21,99998.35985142911,0.0,99998.35985142911,1
2021-09-22,99998.35201585913,0.0,99998.35201585913,1
2021-09-23,99998.35965430686,0.0,99998.35965430686,1
2021-09-24,99998.36301716098,0.0015516150294682548,99998.36456877601,2
2021-09-25,99998.36734557117,0.0014093774631580142,99998.36875494863,2
2021-09-26,99998.36557288453,-0.003956536207581159,99998.36161634832,2
2021-09-27,99998.35193027674,-0.005501224742865152,99998.34642905199,2
2021-09-28,99998.35678644995,0.0001865638581152309,99998.35697301381,2
2021-09-29,99998.36247281922,0.0,99998.36247281922,1
2021-09-30,99998.36322083695,0.0002493136828028411,99998.36347015064,2
2021-10-01,99998.35913684883,0.0,99998.35913684883,0
2021-10-02,99998.35913684883,0.0,99998.35913684883,0
2021-10-03,99998.35913684883,0.0,99998.35913684883,0
2021-10-04,99998.35913684883,0.0,99998.35913684883,0
2021-10-05,99998.35913684883,0.0,99998.35913684883,0
2021-10-06,99998.35913684883,0.0,99998.35913684883,0
2021-10-07,99998.35913684883,0.0,99998.35913684883,0
2021-10-08,99998.35913684883,0.0,99998.35913684883,0
2021-10-09,99998.35913684883,0.0,99998.35913684883,0
2021-10-10,99998.35913684883,0.0,99998.35913684883,0
2021-10-11,99998.35913684883,0.0,99998.35913684883,0
2021-10-12,99998.35913684883,0.0,99998.35913684883,0
2021-10-13,99998.35913684883,0.0,99998.35913684883,0
2021-10-14,99998.35913684883,0.0,99998.35913684883,0
2021-10-15,99998.35913684883,0.0,99998.35913684883,0
2021-10-16,99998.35913684883,0.0,99998.35913684883,0
2021-10-17,99998.35913684883,0.0,99998.35913684883,0
2021-10-18,99998.35913684883,0.0,99998.35913684883,0
2021-10-19,99998.35913684883,0.0,99998.35913684883,0
2021-10-20,99998.42666652116,0.0,99998.42666652116,1
2021-10-21,99998.4864804083,0.028820231776452737,99998.51530064008,2
2021-10-22,99998.56581813909,0.010751937988263786,99998.57657007707,2
2021-10-23,99998.59349116795,0.028059423713807187,99998.62155059166,3
2021-10-24,99998.65558997176,0.029829011902767856,99998.68541898367,3
2021-10-25,99998.68526037867,-0.0034990792054207104,99998.68176129946,4
2021-10-26,99998.71042600763,0.001136986266892132,99998.71156299389,5
2021-10-27,99998.75156856231,0.03881582080588919,99998.79038438312,5
2021-10-28,99998.81830304825,0.017476832846193925,99998.83577988109,3
2021-10-29,99998.88907765313,0.0,99998.88907765313,1
2021-10-30,99998.70887669244,0.0,99998.70887669244,1
2021-10-31,99998.80706596441,0.0,99998.80706596441,1
2021-11-01,99998.91451191493,0.0,99998.91451191493,1
2021-11-02,99998.97178513146,-0.09077963951272831,99998.88100549194,2
2021-11-03,99999.03036690979,-0.13264813136648904,99998.89771877842,3
2021-11-04,99998.96967939794,0.0,99998.96967939794,0
2021-11-05,99998.96967939794,0.0,99998.96967939794,0
2021-11-06,99998.96967939794,0.0,99998.96967939794,0
2021-11-07,99998.96967939794,0.0,99998.96967939794,0
2021-11-08,99998.96967939794,0.0,99998.96967939794,0
2021-11-09,99998.96967939794,0.0,99998.96967939794,0
2021-11-10,99998.96967939794,0.0,99998.96967939794,0
2021-11-11,99998.96967939794,0.0,99998.96967939794,0
2021-11-12,99998.96967939794,0.0,99998.96967939794,0
2021-11-13,99998.96967939794,0.0,99998.96967939794,0
2021-11-14,99998.96967939794,0.0,99998.96967939794,0
2021-11-15,99998.96967939794,0.0,99998.96967939794,0
2021-11-16,99998.96967939794,0.0,99998.96967939794,0
2021-11-17,99998.96967939794,0.0,99998.96967939794,0
2021-11-18,99998.96967939794,0.0,99998.96967939794,0
2021-11-19,99998.96967939794,0.0,99998.96967939794,0
2021-11-20,99998.96967939794,0.0,99998.96967939794,0
2021-11-21,99998.96967939794,0.0,99998.96967939794,0
2021-11-22,99998.96967939794,0.0,99998.96967939794,0
2021-11-23,99998.96967939794,0.0,99998.96967939794,0
2021-11-24,99998.96967939794,0.0,99998.96967939794,0
2021-11-25,99998.96967939794,0.0,99998.96967939794,0
2021-11-26,99998.96967939794,0.0,99998.96967939794,0
2021-11-27,99998.96967939794,0.0,99998.96967939794,0
2021-11-28,99998.96967939794,0.0,99998.96967939794,0
2021-11-29,99998.96967939794,0.0,99998.96967939794,0
2021-11-30,99998.96967939794,0.0,99998.96967939794,0
2021-12-01,99998.96967939794,0.0,99998.96967939794,0
2021-12-02,99998.96967939794,0.0,99998.96967939794,0
2021-12-03,99998.96967939794,0.0,99998.96967939794,0
2021-12-04,99998.96967939794,0.0,99998.96967939794,0
2021-12-05,99998.96967939794,0.0,99998.96967939794,0
2021-12-06,99998.96967939794,0.0,99998.96967939794,0
2021-12-07,99998.96967939794,0.0,99998.96967939794,0
2021-12-08,99998.96967939794,0.0,99998.96967939794,0
2021-12-09,99998.96967939794,0.0,99998.96967939794,0
2021-12-10,99998.96967939794,0.0,99998.96967939794,0
2021-12-11,99998.96967939794,0.0,99998.96967939794,0
2021-12-12,99998.96967939794,0.0,99998.96967939794,0
2021-12-13,99998.96967939794,0.0,99998.96967939794,0
2021-12-14,99998.96967939794,0.0,99998.96967939794,0
2021-12-15,99998.96967939794,0.0,99998.96967939794,0
2021-12-16,99998.96967939794,0.0,99998.96967939794,0
2021-12-17,99998.96967939794,0.0,99998.96967939794,0
2021-12-18,99998.96967939794,0.0,99998.96967939794,0
2021-12-19,99998.96967939794,0.0,99998.96967939794,0
2021-12-20,99998.96967939794,0.0,99998.96967939794,0
2021-12-21,99998.96967939794,0.0,99998.96967939794,0
2021-12-22,99998.96967939794,0.0,99998.96967939794,0
2021-12-23,99998.96967939794,0.0,99998.96967939794,0
2021-12-24,99998.96967939794,0.0,99998.96967939794,0
2021-12-25,99998.96967939794,0.0,99998.96967939794,0
2021-12-26,99998.96967939794,0.0,99998.96967939794,0
2021-12-27,99998.96967939794,0.0,99998.96967939794,0
2021-12-28,99998.96967939794,0.0,99998.96967939794,0
2021-12-29,99998.96967939794,0.0,99998.96967939794,0
2021-12-30,99998.96967939794,0.0,99998.96967939794,0
2021-12-31,99998.96967939794,0.0,99998.96967939794,0
2022-01-01,99998.96967939794,0.0,99998.96967939794,0
2022-01-02,99998.96967939794,0.0,99998.96967939794,0
2022-01-03,99998.96967939794,0.0,99998.96967939794,0
2022-01-04,99998.96967939794,0.0,99998.96967939794,0
2022-01-05,99998.96967939794,0.0,99998.96967939794,0
2022-01-06,99998.96967939794,0.0,99998.96967939794,0
2022-01-07,99998.96967939794,0.0,99998.96967939794,0
2022-01-08,99998.96967939794,0.0,99998.96967939794,0
2022-01-09,99998.96967939794,0.0,99998.96967939794,0
2022-01-10,99998.96967939794,0.0,99998.96967939794,0
2022-01-11,99998.96967939794,0.0,99998.96967939794,0
2022-01-12,99998.96967939794,0.0,99998.96967939794,0
2022-01-13,99998.96967939794,0.0,99998.96967939794,0
2022-01-14,99998.96967939794,0.0,99998.96967939794,0
2022-01-15,99998.96967939794,0.0,99998.96967939794,0
2022-01-16,99998.96967939794,0.0,99998.96967939794,0
2022-01-17,99998.96967939794,0.0,99998.96967939794,0
2022-01-18,99998.96967939794,0.0,99998.96967939794,0
2022-01-19,99998.96967939794,0.0,99998.96967939794,0
2022-01-20,99998.96967939794,0.0,99998.96967939794,0
2022-01-21,99998.96967939794,0.0,99998.96967939794,0
2022-01-22,99998.96967939794,0.0,99998.96967939794,0
2022-01-23,99998.96967939794,0.0,99998.96967939794,0
2022-01-24,99998.96967939794,0.0,99998.96967939794,0
2022-01-25,99998.96967939794,0.0,99998.96967939794,0
2022-01-26,99998.96967939794,0.0,99998.96967939794,0
2022-01-27,99998.96967939794,0.0,99998.96967939794,0
2022-01-28,99998.96967939794,0.0,99998.96967939794,0
2022-01-29,99998.96967939794,0.0,99998.96967939794,0
2022-01-30,99998.96967939794,0.0,99998.96967939794,0
2022-01-31,99998.96967939794,0.0,99998.96967939794,0
2022-02-01,99998.96967939794,0.0,99998.96967939794,0
2022-02-02,99998.96967939794,0.0,99998.96967939794,0
2022-02-03,99998.96967939794,0.0,99998.96967939794,0
2022-02-04,99998.96967939794,0.0,99998.96967939794,0
2022-02-05,99998.96967939794,0.0,99998.96967939794,0
2022-02-06,99998.96967939794,0.0,99998.96967939794,0
2022-02-07,99998.96967939794,0.0,99998.96967939794,0
2022-02-08,99998.96967939794,0.0,99998.96967939794,0
2022-02-09,99998.96967939794,0.0,99998.96967939794,0
2022-02-10,99998.99496214303,0.0,99998.99496214303,1
2022-02-11,99999.02748626459,0.0,99999.02748626459,1
2022-02-12,99999.0636926082,0.0,99999.0636926082,1
2022-02-13,99999.09879026495,0.0,99999.09879026495,1
2022-02-14,99999.06516852499,0.0,99999.06516852499,1
2022-02-15,99999.1024670131,-0.006753022402789205,99999.0957139907,2
2022-02-16,99999.13409681742,0.010555080256890115,99999.14465189767,3
2022-02-17,99999.22269496234,0.0,99999.22269496234,1
2022-02-18,99999.26003141426,0.0,99999.26003141426,1
2022-02-19,99999.27499379434,0.006910299127814716,99999.28190409347,2
2022-02-20,99999.28347545529,0.0030587382181849103,99999.28653419351,3
2022-02-21,99999.32022119057,0.0,99999.32022119057,1
2022-02-22,99999.33286263148,0.0,99999.33286263148,1
2022-02-23,99999.33893089324,0.0026231673370973657,99999.34155406058,2
2022-02-24,99999.3527830686,0.0,99999.3527830686,1
2022-02-25,99999.35381591534,0.0,99999.35381591534,1
2022-02-26,99999.35453744137,0.000348106953101654,99999.35488554832,2
2022-02-27,99999.35558583,0.0001634846290126378,99999.35574931462,2
2022-02-28,99999.34975405403,0.0,99999.34975405403,1
2022-03-01,99999.35106833713,0.000527979987690761,99999.35159631711,2
2022-03-02,99999.35459182135,0.0,99999.35459182135,1
2022-03-03,99999.3560579997,0.0,99999.3560579997,1
2022-03-04,99999.35593729916,0.0,99999.35593729916,1
2022-03-05,99999.35565596097,0.0,99999.35565596097,1
2022-03-06,99999.35593464141,0.0,99999.35593464141,1
2022-03-07,99999.35595300692,0.0,99999.35595300692,0
2022-03-08,99999.35595300692,0.0,99999.35595300692,0
2022-03-09,99999.35595300692,0.0,99999.35595300692,0
2022-03-10,99999.35595300692,0.0,99999.35595300692,0
2022-03-11,99999.35595300692,0.0,99999.35595300692,0
2022-03-12,99999.35595300692,0.0,99999.35595300692,0
2022-03-13,99999.35596010624,0.0,99999.35596010624,1
2022-03-14,99999.35596344764,1.7812929930990585e-06,99999.35596522894,2
2022-03-15,99999.35596647703,2.377778010058677e-06,99999.35596885481,3
2022-03-16,99999.35597862213,0.0,99999.35597862213,1
2022-03-17,99999.3559788518,0.0,99999.3559788518,0
2022-03-18,99999.3559788518,0.0,99999.3559788518,0
2022-03-19,99999.3559788518,0.0,99999.3559788518,0
2022-03-20,99999.3559788518,0.0,99999.3559788518,0
2022-03-21,99999.3559788518,0.0,99999.3559788518,0
2022-03-22,99999.3559788518,0.0,99999.3559788518,0
2022-03-23,99999.3559788518,0.0,99999.3559788518,0
2022-03-24,99999.3559788518,0.0,99999.3559788518,0
2022-03-25,99999.35600564601,0.0,99999.35600564601,1
2022-03-26,99999.35583369987,0.0,99999.35583369987,1
2022-03-27,99999.35590246716,0.0,99999.35590246716,1
2022-03-28,99999.35594540492,0.0,99999.35594540492,1
2022-03-29,99999.35597630542,1.5824708194766424e-05,99999.35599213013,2
2022-03-30,99999.3560479135,0.0,99999.3560479135,1
2022-03-31,99999.35606264485,-1.1195589218201195e-05,99999.35605144926,2
2022-04-01,99999.35613340652,0.0,99999.35613340652,1
2022-04-02,99999.35663062744,0.0,99999.35663062744,1
2022-04-03,99999.35712807417,0.0,99999.35712807417,1
2022-04-04,99999.35736203675,0.0,99999.35736203675,1
2022-04-05,99999.35746724723,0.0,99999.35746724723,1
2022-04-06,99999.3576509303,0.0,99999.3576509303,1
2022-04-07,99999.35780353234,-4.166349491311292e-05,99999.35776186884,2
2022-04-08,99999.35796411739,-2.4986433287496357e-05,99999.35793913095,3
2022-04-09,99999.35790844468,-0.000495867745136434,99999.35741257694,3
2022-04-10,99999.3549778968,0.0,99999.3549778968,1
2022-04-11,99999.35554456359,-0.00047921918646241953,99999.3550653444,2
2022-04-12,99999.35468213174,-0.000759660896264118,99999.35392247085,2
2022-04-13,99999.35274041154,-0.00137160435964105,99999.35136880718,2
2022-04-14,99999.35374501921,-0.0009698661190111792,99999.3527751531,3
2022-04-15,99999.35618846247,0.0002334214438969035,99999.3564218839,2
2022-04-16,99999.3591604902,0.0,99999.3591604902,1
2022-04-17,99999.35597352404,0.0,99999.35597352404,0
2022-04-18,99999.35597352404,0.0,99999.35597352404,0
2022-04-19,99999.35597352404,0.0,99999.35597352404,0
2022-04-20,99999.35597352404,0.0,99999.35597352404,0
2022-04-21,99999.35597352404,0.0,99999.35597352404,0
2022-04-22,99999.35597352404,0.0,99999.35597352404,0
2022-04-23,99999.35597352404,0.0,99999.35597352404,0
2022-04-24,99999.35597352404,0.0,99999.35597352404,0
2022-04-25,99999.35597352404,0.0,99999.35597352404,0
2022-04-26,99999.35597352404,0.0,99999.35597352404,0
2022-04-27,99999.35597352404,0.0,99999.35597352404,0
2022-04-28,99999.3566351123,0.0,99999.3566351123,1
2022-04-29,99999.3573154767,-0.00014243931675430156,99999.35717303738,2
2022-04-30,99999.35809392967,-0.0015301981546051375,99999.35656373152,3
2022-05-01,99999.35885087478,-1.4481498336315829e-05,99999.35883639328,3
2022-05-02,99999.36032237964,0.0,99999.36032237964,1
2022-05-03,99999.36043241232,0.0,99999.36043241232,1
2022-05-04,99999.36069438039,0.0,99999.36069438039,1
2022-05-05,99999.36081641115,4.142370176908105e-05,99999.36085783485,2
2022-05-06,99999.36085531327,0.00012131214282902685,99999.36097662541,3
2022-05-07,99999.36119433942,0.0,99999.36119433942,1
2022-05-08,99999.36125444781,-4.677348131967526e-05,99999.36120767433,2
2022-05-09,99999.36134749296,2.2741201607686188e-05,99999.36137023415,2
2022-05-10,99999.36146219914,0.0,99999.36146219914,1
2022-05-11,99999.36112079195,0.0,99999.36112079195,1
2022-05-12,99999.3613544619,0.0,99999.3613544619,1
2022-05-13,99999.36178999854,0.0,99999.36178999854,1
2022-05-14,99999.36212182959,-8.581716194554947e-05,99999.36203601243,2
2022-05-15,99999.36245550009,-8.00233650430027e-05,99999.36237547672,3
2022-05-16,99999.36335232956,0.0,99999.36335232956,1
2022-05-17,99999.36356889088,0.0,99999.36356889088,1
2022-05-18,99999.36369912038,0.0,99999.36369912038,1
2022-05-19,99999.36404000332,0.0,99999.36404000332,1
2022-05-20,99999.3643533742,1.7239772643968108e-06,99999.36435509818,2
2022-05-21,99999.3647840235,-0.0005915878874752834,99999.36419243562,3
2022-05-22,99999.34863201724,0.0,99999.34863201724,1
2022-05-23,99999.35004246111,-0.00036002933673518747,99999.34968243177,2
2022-05-24,99999.35145987562,0.0010102828221958868,99999.35247015844,3
2022-05-25,99999.35741861204,0.0,99999.35741861204,1
2022-05-26,99999.36046956175,-0.0012180023826399114,99999.35925155938,2
2022-05-27,99999.36613980537,0.0,99999.36613980537,1
2022-05-28,99999.366449861,0.00014197153637327122,99999.36659183254,2
2022-05-29,99999.36748698624,0.0,99999.36748698624,1
2022-05-30,99999.37070707446,0.0,99999.37070707446,1
2022-05-31,99999.37391857647,-0.0014839197357146953,99999.37243465673,2
2022-06-01,99999.37676894155,-8.98310446827117e-05,99999.37667911052,3
2022-06-02,99999.38673542732,0.0,99999.38673542732,1
2022-06-03,99999.39041259426,0.0,99999.39041259426,1
2022-06-04,99999.396881877,0.0,99999.396881877,1
2022-06-05,99999.4037331435,0.0,99999.4037331435,1
2022-06-06,99999.4071222886,0.00013276517832533689,99999.40725505378,2
2022-06-07,99999.41405832909,0.0,99999.41405832909,1
2022-06-08,99999.41923454242,0.0,99999.41923454242,1
2022-06-09,99999.42465804006,0.0,99999.42465804006,1
2022-06-10,99999.42863291893,0.0,99999.42863291893,1
2022-06-11,99999.43000593084,0.0,99999.43000593084,1
2022-06-12,99999.43104199306,0.0,99999.43104199306,1
2022-06-13,99999.43176471868,0.0,99999.43176471868,1
2022-06-14,99999.43231892605,0.0,99999.43231892605,1
2022-06-15,99999.4326017445,8.946386134741158e-05,99999.43269120836,2
2022-06-16,99999.43305876551,7.970871506366178e-05,99999.43313847423,2
2022-06-17,99999.43401191394,0.0,99999.43401191394,1
2022-06-18,99999.43445856946,-0.0004946833718859889,99999.4339638861,2
2022-06-19,99999.43516154375,0.00021346031574045695,99999.43537500406,2
2022-06-20,99999.43548852523,9.453566065405669e-05,99999.43558306088,3
2022-06-21,99999.43660235705,0.0,99999.43660235705,1
2022-06-22,99999.43664166004,0.0,99999.43664166004,1
2022-06-23,99999.43665956515,7.34787271684823e-06,99999.43666691302,2
2022-06-24,99999.43669833224,0.0,99999.43669833224,1
2022-06-25,99999.43656743054,0.0,99999.43656743054,1
2022-06-26,99999.43665394526,0.0,99999.43665394526,1
2022-06-27,99999.43673124762,0.0,99999.43673124762,1
2022-06-28,99999.43688610132,0.0,99999.43688610132,1
2022-06-29,99999.43701052383,0.0,99999.43701052383,1
2022-06-30,99999.43702186157,0.0,99999.43702186157,1
2022-07-01,99999.43702704234,0.0,99999.43702704234,1
2022-07-02,99999.43703256981,0.0,99999.43703256981,1
2022-07-03,99999.4370371075,1.2560492676407703e-06,99999.43703836355,2
2022-07-04,99999.4370454175,0.0,99999.4370454175,1
2022-07-05,99999.4370459591,0.0,99999.4370459591,1
2022-07-06,99999.43704637547,0.0,99999.43704637547,1
2022-07-07,99999.43704645614,0.0,99999.43704645614,1
2022-07-08,99999.43704702455,0.0,99999.43704702455,1
2022-07-09,99999.43704751659,0.0,99999.43704751659,1
2022-07-10,99999.43703753216,0.0,99999.43703753216,1
2022-07-11,99999.43704305966,0.0,99999.43704305966,1
2022-07-12,99999.4370460928,-2.563817973472974e-06,99999.43704352899,2
2022-07-13,99999.4370536206,0.0,99999.4370536206,1
2022-07-14,99999.43698629671,0.0,99999.43698629671,1
2022-07-15,99999.43701359358,-1.392068274637973e-05,99999.4369996729,2
2022-07-16,99999.43705926934,8.88364555464759e-06,99999.43706815298,2
2022-07-17,99999.43714520898,0.0,99999.43714520898,1
2022-07-18,99999.43719457832,0.0,99999.43719457832,1
2022-07-19,99999.43721548177,-1.2775956970828943e-05,99999.43720270581,2
2022-07-20,99999.43729518123,0.0,99999.43729518123,1
2022-07-21,99999.43700286438,0.0,99999.43700286438,1
2022-07-22,99999.43183826719,0.0,99999.43183826719,1
2022-07-23,99999.43344179598,0.0,99999.43344179598,1
2022-07-24,99999.43328670805,0.0,99999.43328670805,0
2022-07-25,99999.43328670805,0.0,99999.43328670805,0
2022-07-26,99999.43328670805,0.0,99999.43328670805,0
2022-07-27,99999.43328670805,0.0,99999.43328670805,0
2022-07-28,99999.43328670805,0.0,99999.43328670805,0
2022-07-29,99999.43328670805,0.0,99999.43328670805,0
2022-07-30,99999.43328670805,0.0,99999.43328670805,0
2022-07-31,99999.43328670805,0.0,99999.43328670805,0
2022-08-01,99999.43328670805,0.0,99999.43328670805,0
2022-08-02,99999.43328670805,0.0,99999.43328670805,0
2022-08-03,99999.43328670805,0.0,99999.43328670805,0
2022-08-04,99999.43328670805,0.0,99999.43328670805,0
2022-08-05,99999.43328670805,0.0,99999.43328670805,0
2022-08-06,99999.43328670805,0.0,99999.43328670805,0
2022-08-07,99999.43328670805,0.0,99999.43328670805,0
2022-08-08,99999.43328670805,0.0,99999.43328670805,0
2022-08-09,99999.43328670805,0.0,99999.43328670805,0
2022-08-10,99999.43328670805,0.0,99999.43328670805,0
2022-08-11,99999.43328670805,0.0,99999.43328670805,0
2022-08-12,99999.43328670805,0.0,99999.43328670805,0
2022-08-13,99999.43328670805,0.0,99999.43328670805,0
2022-08-14,99999.43328670805,0.0,99999.43328670805,0
2022-08-15,99999.43328670805,0.0,99999.43328670805,0
2022-08-16,99999.4337567158,0.0,99999.4337567158,1
2022-08-17,99999.4344913732,0.0,99999.4344913732,1
2022-08-18,99999.43538740175,0.0,99999.43538740175,1
2022-08-19,99999.43626930563,0.0,99999.43626930563,1
2022-08-20,99999.43671328123,0.0,99999.43671328123,1
2022-08-21,99999.43689002076,0.0,99999.43689002076,1
2022-08-22,99999.43690477546,0.0,99999.43690477546,1
2022-08-23,99999.43693955978,0.0,99999.43693955978,1
2022-08-24,99999.43696108725,-1.07451314794032e-05,99999.43695034212,2
2022-08-25,99999.43707668339,0.0,99999.43707668339,1
2022-08-26,99999.43719939889,0.0,99999.43719939889,1
2022-08-27,99999.43604056317,0.0,99999.43604056317,1
2022-08-28,99999.43646216382,0.0,99999.43646216382,1
2022-08-29,99999.43658076157,-5.7690103564333e-05,99999.43652307146,2
2022-08-30,99999.4368915056,0.0,99999.4368915056,1
2022-08-31,99999.43711576585,-0.0001850646479358003,99999.4369307012,2
2022-09-01,99999.43732873166,-2.1773729128075024e-06,99999.43732655428,2
2022-09-02,99999.43195495772,0.0,99999.43195495772,1
2022-09-03,99999.43234815252,0.0,99999.43234815252,1
2022-09-04,99999.42471592403,0.0,99999.42471592403,1
2022-09-05,99999.41378551339,0.0,99999.41378551339,1
2022-09-06,99999.41631966775,0.0,99999.41631966775,0
2022-09-07,99999.41631966775,0.0,99999.41631966775,0
2022-09-08,99999.41631966775,0.0,99999.41631966775,0
2022-09-09,99999.41631966775,0.0,99999.41631966775,0
2022-09-10,99999.41631966775,0.0,99999.41631966775,0
2022-09-11,99999.41631966775,0.0,99999.41631966775,0
2022-09-12,99999.41631966775,0.0,99999.41631966775,0
2022-09-13,99999.41631966775,0.0,99999.41631966775,0
2022-09-14,99999.41631966775,0.0,99999.41631966775,0
2022-09-15,99999.41631966775,0.0,99999.41631966775,0
2022-09-16,99999.41631966775,0.0,99999.41631966775,0
2022-09-17,99999.41631966775,0.0,99999.41631966775,0
2022-09-18,99999.41631966775,0.0,99999.41631966775,0
2022-09-19,99999.41631966775,0.0,99999.41631966775,0
2022-09-20,99999.41631966775,0.0,99999.41631966775,0
2022-09-21,99999.41631966775,0.0,99999.41631966775,0
2022-09-22,99999.41631966775,0.0,99999.41631966775,0
2022-09-23,99999.41631966775,0.0,99999.41631966775,0
2022-09-24,99999.41631966775,0.0,99999.41631966775,0
2022-09-25,99999.41631966775,0.0,99999.41631966775,0
2022-09-26,99999.41631966775,0.0,99999.41631966775,0
2022-09-27,99999.41631966775,0.0,99999.41631966775,0
2022-09-28,99999.41631966775,0.0,99999.41631966775,0
2022-09-29,99999.41631966775,0.0,99999.41631966775,0
2022-09-30,99999.41631966775,0.0,99999.41631966775,0
2022-10-01,99999.41631966775,0.0,99999.41631966775,0
2022-10-02,99999.41631966775,0.0,99999.41631966775,0
2022-10-03,99999.41631966775,0.0,99999.41631966775,0
2022-10-04,99999.41631966775,0.0,99999.41631966775,0
2022-10-05,99999.41631966775,0.0,99999.41631966775,0
2022-10-06,99999.41635955627,0.0,99999.41635955627,1
2022-10-07,99999.41646358154,0.0,99999.41646358154,1
2022-10-08,99999.41657309813,0.0,99999.41657309813,1
2022-10-09,99999.41690572357,0.0,99999.41690572357,1
2022-10-10,99999.41728012587,-0.0002312094751528815,99999.4170489164,2
2022-10-11,99999.41874238504,0.0,99999.41874238504,1
2022-10-12,99999.41991187177,0.0,99999.41991187177,1
2022-10-13,99999.42030729275,-0.00017037237022350958,99999.42013692038,2
2022-10-14,99999.42071559596,-0.0002945894324340976,99999.42042100652,3
2022-10-15,99999.4211341473,-0.00011598043566424699,99999.42101816686,4
2022-10-16,99999.42256639453,0.0,99999.42256639453,1
2022-10-17,99999.4232692647,0.0,99999.4232692647,1
2022-10-18,99999.42369149407,0.0,99999.42369149407,1
2022-10-19,99999.42372814244,0.0,99999.42372814244,1
2022-10-20,99999.42386469032,0.0,99999.42386469032,1
2022-10-21,99999.42407718276,0.0,99999.42407718276,1
2022-10-22,99999.42421569463,0.0,99999.42421569463,1
2022-10-23,99999.42428381293,0.0,99999.42428381293,1
2022-10-24,99999.42430072732,7.183650390351867e-06,99999.42430791097,2
2022-10-25,99999.42433980663,0.0,99999.42433980663,1
2022-10-26,99999.42427449193,0.0,99999.42427449193,1
2022-10-27,99999.42433050448,0.0,99999.42433050448,1
2022-10-28,99999.42275869532,0.0,99999.42275869532,1
2022-10-29,99999.42334933019,0.0,99999.42334933019,1
2022-10-30,99999.42388496768,0.0,99999.42388496768,1
2022-10-31,99999.42420166623,-0.00010858471236952004,99999.42409308151,2
2022-11-01,99999.42544926508,0.0,99999.42544926508,1
2022-11-02,99999.42256429904,0.0,99999.42256429904,1
2022-11-03,99999.41374614411,0.0,99999.41374614411,1
2022-11-04,99999.42141079306,0.0,99999.42141079306,1
2022-11-05,99999.42882585096,0.0,99999.42882585096,1
2022-11-06,99999.43241294811,0.0,99999.43241294811,0
2022-11-07,99999.43985724752,0.0,99999.43985724752,1
2022-11-08,99999.45017029256,0.0,99999.45017029256,1
2022-11-09,99999.45311208608,0.0012639765781137448,99999.45437606265,2
2022-11-10,99999.45921252835,0.0,99999.45921252835,1
2022-11-11,99999.4615398524,0.0,99999.4615398524,1
2022-11-12,99999.46398603747,0.0,99999.46398603747,1
2022-11-13,99999.45538018439,0.0,99999.45538018439,1
2022-11-14,99999.46503038687,0.0,99999.46503038687,1
2022-11-15,99999.47898420643,0.0,99999.47898420643,1
2022-11-16,99999.4898808993,-0.004534926711598176,99999.48534597259,2
2022-11-17,99999.5054718053,0.0035555841971066484,99999.5090273895,2
2022-11-18,99999.5265528052,0.0,99999.5265528052,1
2022-11-19,99999.53692634785,0.0,99999.53692634785,1
2022-11-20,99999.53986957329,0.0,99999.53986957329,1
2022-11-21,99999.54150438418,-0.0006233362168433826,99999.54088104796,2
2022-11-22,99999.54315686422,0.00038253951110685355,99999.54353940373,3
2022-11-23,99999.5489677232,0.0,99999.5489677232,1
2022-11-24,99999.5528307296,0.0,99999.5528307296,1
2022-11-25,99999.55425190348,0.0010886011137563843,99999.5553405046,2
2022-11-26,99999.55872424033,0.0,99999.55872424033,1
2022-11-27,99999.49276052449,0.0,99999.49276052449,1
2022-11-28,99999.51005075702,0.0,99999.51005075702,1
2022-11-29,99999.4699891935,0.0,99999.4699891935,1
2022-11-30,99999.49443032459,-0.0009999902105010602,99999.49343033438,2
2022-12-01,99999.51096093783,-0.010337985788251222,99999.50062295204,3
2022-12-02,99999.45865802934,0.0,99999.45865802934,0
2022-12-03,99999.45865802934,0.0,99999.45865802934,0
2022-12-04,99999.45865802934,0.0,99999.45865802934,0
2022-12-05,99999.45865802934,0.0,99999.45865802934,0
2022-12-06,99999.45865802934,0.0,99999.45865802934,0
2022-12-07,99999.45865802934,0.0,99999.45865802934,0
2022-12-08,99999.45865802934,0.0,99999.45865802934,0
2022-12-09,99999.45865802934,0.0,99999.45865802934,0
2022-12-10,99999.45865802934,0.0,99999.45865802934,0
2022-12-11,99999.45865802934,0.0,99999.45865802934,0
2022-12-12,99999.45865802934,0.0,99999.45865802934,0
2022-12-13,99999.45865802934,0.0,99999.45865802934,0
2022-12-14,99999.45865802934,0.0,99999.45865802934,0
2022-12-15,99999.45865802934,0.0,99999.45865802934,0
2022-12-16,99999.45865802934,0.0,99999.45865802934,0
2022-12-17,99999.45865802934,0.0,99999.45865802934,0
2022-12-18,99999.45865802934,0.0,99999.45865802934,0
2022-12-19,99999.45865802934,0.0,99999.45865802934,0
2022-12-20,99999.45865802934,0.0,99999.45865802934,0
2022-12-21,99999.4652324682,0.0,99999.4652324682,1
2022-12-22,99999.47766704367,0.0,99999.47766704367,1
2022-12-23,99999.48909871007,0.0,99999.48909871007,1
2022-12-24,99999.49455350201,0.0017103995645106375,99999.49626390157,2
2022-12-25,99999.50004178355,0.002447317207993397,99999.50248910076,3
2022-12-26,99999.50834355279,0.004575313566641532,99999.51291886636,3
2022-12-27,99999.52375094898,0.0,99999.52375094898,1
2022-12-28,99999.52398130554,0.0,99999.52398130554,1
2022-12-29,99999.52408271476,0.0,99999.52408271476,1
2022-12-30,99999.52410035135,0.0,99999.52410035135,1
2022-12-31,99999.52411190888,0.0,99999.52411190888,1
2023-01-01,99999.5241154022,0.0,99999.5241154022,1
2023-01-02,99999.52401904465,0.0,99999.52401904465,1
2023-01-03,99999.52404443407,0.0,99999.52404443407,1
2023-01-04,99999.52407004847,0.0,99999.52407004847,1
2023-01-05,99999.52410779182,0.0,99999.52410779182,1
2023-01-06,99999.50246304012,0.0,99999.50246304012,1
2023-01-07,99999.51179348075,0.0,99999.51179348075,1
2023-01-08,99999.52082206421,0.0,99999.52082206421,1
2023-01-09,99999.52771620626,0.0,99999.52771620626,1
2023-01-10,99999.53242039346,-0.004250448951138353,99999.5281699445,2
2023-01-11,99999.5406386486,0.0,99999.5406386486,1
2023-01-12,99999.54355240728,-0.0027472502110478694,99999.54080515707,2
2023-01-13,99999.5452185443,-0.00047682303153982015,99999.54474172127,3
2023-01-14,99999.55453216746,0.0,99999.55453216746,1
2023-01-15,99999.55845763389,0.0008358888676427345,99999.55929352276,2
2023-01-16,99999.56661580062,0.0,99999.56661580062,1
2023-01-17,99999.57320143924,0.0,99999.57320143924,1
2023-01-18,99999.57794211822,0.0,99999.57794211822,1
2023-01-19,99999.5791044663,0.0004482082223742072,99999.57955267454,2
2023-01-20,99999.5818121178,0.0,99999.5818121178,1
2023-01-21,99999.58856461053,0.0,99999.58856461053,1
2023-01-22,99999.59454011628,0.0018754717436803708,99999.59641558802,2
2023-01-23,99999.60367652916,0.002056905542675673,99999.60573343471,2
2023-01-24,99999.61997243237,0.0,99999.61997243237,1
2023-01-25,99999.63334341816,0.0,99999.63334341816,1
2023-01-26,99999.6501034803,0.0,99999.6501034803,1
2023-01-27,99999.66657524466,0.0,99999.66657524466,1
2023-01-28,99999.68242674423,-0.01857688115390688,99999.66384986308,2
2023-01-29,99999.71713134738,0.002735661994094675,99999.71986700938,2
2023-01-30,99999.70540407613,-0.015217308148721392,99999.69018676798,2
2023-01-31,99999.7416914735,0.016508823765116858,99999.75820029726,3
2023-02-01,99999.78406178592,0.01577797148173783,99999.7998397574,3
2023-02-02,99999.82556831907,0.005072531897291465,99999.83064085097,2
2023-02-03,99999.86252663602,0.0,99999.86252663602,1
2023-02-04,99999.87753284891,0.005705687501461089,99999.88323853642,2
2023-02-05,99999.9092535656,0.0,99999.9092535656,1
2023-02-06,99999.90996775,0.0,99999.90996775,1
2023-02-07,99999.91029418103,0.0,99999.91029418103,1
2023-02-08,99999.91047455464,3.0363379525554966e-05,99999.91050491802,2
2023-02-09,99999.91089576173,0.0,99999.91089576173,1
2023-02-10,99999.91107767551,0.0,99999.91107767551,1
2023-02-11,99999.91090719774,0.0,99999.91090719774,1
2023-02-12,99999.91113818469,0.0,99999.91113818469,1
2023-02-13,99999.91125406703,0.0,99999.91125406703,1
2023-02-14,99999.91128656254,-2.9027830579611522e-06,99999.91128365975,2
2023-02-15,99999.91139395899,0.0,99999.91139395899,1
2023-02-16,99999.91145106852,1.6706048288661656e-05,99999.91146777457,2
2023-02-17,99999.91158088582,0.0,99999.91158088582,1
2023-02-18,99999.91165100507,1.1227441700209007e-07,99999.91165111733,2
2023-02-19,99999.91172598123,5.60810368720466e-05,99999.91178206228,3
2023-02-20,99999.91183050584,3.448143171832969e-05,99999.91186498727,2
2023-02-21,99999.91100050199,0.0,99999.91100050199,1
2023-02-22,99999.91125588804,0.0,99999.91125588804,1
2023-02-23,99999.91146838159,-0.00015226825176751927,99999.91131611333,2
2023-02-24,99999.91032409793,0.0,99999.91032409793,1
2023-02-25,99999.9042483698,0.0,99999.9042483698,1
2023-02-26,99999.90372079468,0.0,99999.90372079468,0
2023-02-27,99999.90372079468,0.0,99999.90372079468,0
2023-02-28,99999.90372079468,0.0,99999.90372079468,0
2023-03-01,99999.90372079468,0.0,99999.90372079468,0
2023-03-02,99999.90372079468,0.0,99999.90372079468,0
2023-03-03,99999.90372079468,0.0,99999.90372079468,0
2023-03-04,99999.90372079468,0.0,99999.90372079468,0
2023-03-05,99999.90372079468,0.0,99999.90372079468,0
2023-03-06,99999.90372079468,0.0,99999.90372079468,0
2023-03-07,99999.90372079468,0.0,99999.90372079468,0
2023-03-08,99999.90372079468,0.0,99999.90372079468,0
2023-03-09,99999.90372079468,0.0,99999.90372079468,0
2023-03-10,99999.90372079468,0.0,99999.90372079468,0
2023-03-11,99999.90372079468,0.0,99999.90372079468,0
2023-03-12,99999.90372079468,0.0,99999.90372079468,0
2023-03-13,99999.90372079468,0.0,99999.90372079468,0
2023-03-14,100000.11505783699,0.0,100000.11505783699,1
2023-03-15,100000.44468670854,0.0,100000.44468670854,1
2023-03-16,100000.66254866416,0.10204960196305152,100000.76459826612,2
2023-03-17,100001.00234971131,0.10083898731067104,100001.10318869863,2
2023-03-18,100001.31519908497,0.044529285474341485,100001.35972837044,2
2023-03-19,100001.49613736058,0.11622435082649929,100001.6123617114,3
2023-03-20,100001.68754117287,0.0011153100229630009,100001.68865648289,4
2023-03-21,100001.88278539573,0.013645505096689103,100001.89643090083,5
2023-03-22,100001.73388213509,-0.9781813112367769,100000.75570082385,5
2023-03-23,100001.73388213509,-0.3604306868976975,100001.37345144819,5
2023-03-24,100001.73388213509,-0.6475410762189591,100001.08634105886,5
2023-03-25,100000.39759067581,-0.4123416160391108,99999.98524905977,3
2023-03-26,100000.54006282234,0.020189238886003658,100000.56025206123,4
2023-03-27,100001.22731172005,0.0,100001.22731172005,1
2023-03-28,100001.3726020558,0.0,100001.3726020558,1
2023-03-29,100001.47950233507,-0.15297926531525274,100001.32652306976,2
2023-03-30,100001.25861081782,0.0,100001.25861081782,0
2023-03-31,100001.25861081782,0.0,100001.25861081782,0
2023-04-01,100001.25861081782,0.0,100001.25861081782,0
2023-04-02,100001.25861081782,0.0,100001.25861081782,0
2023-04-03,100001.25861081782,0.0,100001.25861081782,0
2023-04-04,100001.25861081782,0.0,100001.25861081782,0
2023-04-05,100001.25861081782,0.0,100001.25861081782,0
2023-04-06,100001.25861081782,0.0,100001.25861081782,0
2023-04-07,100001.25861081782,0.0,100001.25861081782,0
2023-04-08,100001.25861081782,0.0,100001.25861081782,0
2023-04-09,100001.25861081782,0.0,100001.25861081782,0
2023-04-10,100001.25861081782,0.0,100001.25861081782,0
2023-04-11,100001.25861081782,0.0,100001.25861081782,0
2023-04-12,100001.25861081782,0.0,100001.25861081782,0
2023-04-13,100001.25861081782,0.0,100001.25861081782,0
2023-04-14,100001.25861081782,0.0,100001.25861081782,0
2023-04-15,100001.25861081782,0.0,100001.25861081782,0
2023-04-16,100001.25861081782,0.0,100001.25861081782,0
2023-04-17,100001.25861081782,0.0,100001.25861081782,0
2023-04-18,100001.25861081782,0.0,100001.25861081782,0
2023-04-19,100001.25861081782,0.0,100001.25861081782,0
2023-04-20,100001.25863539835,0.0,100001.25863539835,1
2023-04-21,100001.25865524175,0.0,100001.25865524175,1
2023-04-22,100001.25866166758,-1.8317622742219473e-06,100001.25865983582,2
2023-04-23,100001.25853279854,0.0,100001.25853279854,1
2023-04-24,100001.25860955013,0.0,100001.25860955013,1
2023-04-25,100001.25832613544,0.0,100001.25832613544,0
2023-04-26,100001.25832613544,0.0,100001.25832613544,0
2023-04-27,100001.25832613544,0.0,100001.25832613544,0
2023-04-28,100001.25832613544,0.0,100001.25832613544,0
2023-04-29,100001.25832613544,0.0,100001.25832613544,0
2023-04-30,100001.25832613544,0.0,100001.25832613544,0
2023-05-01,100001.25832613544,0.0,100001.25832613544,0
2023-05-02,100001.25832613544,0.0,100001.25832613544,0
2023-05-03,100001.25832613544,0.0,100001.25832613544,0
2023-05-04,100001.25832613544,0.0,100001.25832613544,0
2023-05-05,100001.25832613544,0.0,100001.25832613544,0
2023-05-06,100001.25832613544,0.0,100001.25832613544,0
2023-05-07,100001.25832613544,0.0,100001.25832613544,0
2023-05-08,100001.25832613544,0.0,100001.25832613544,0
2023-05-09,100001.25832613544,0.0,100001.25832613544,0
2023-05-10,100001.25832613544,0.0,100001.25832613544,0
2023-05-11,100001.25832613544,0.0,100001.25832613544,0
2023-05-12,100001.25832613544,0.0,100001.25832613544,0
2023-05-13,100001.25832613544,0.0,100001.25832613544,0
2023-05-14,100001.25832613544,0.0,100001.25832613544,0
2023-05-15,100001.25832613544,0.0,100001.25832613544,0
2023-05-16,100001.25832613544,0.0,100001.25832613544,0
2023-05-17,100001.2594313717,0.0,100001.2594313717,1
2023-05-18,100001.26798161339,0.0,100001.26798161339,1
2023-05-19,100001.27795861839,-0.00755880471157884,100001.27039981367,2
2023-05-20,100001.3036903272,0.003350844347259135,100001.30704117155,2
2023-05-21,100001.35131322323,0.0,100001.35131322323,1
2023-05-22,100001.37733814813,-0.0009324816614489362,100001.37640566647,2
2023-05-23,100001.43098933095,0.0,100001.43098933095,1
2023-05-24,100001.45555872437,0.0,100001.45555872437,1
2023-05-25,100001.4634999514,0.005375668403823346,100001.4688756198,2
2023-05-26,100001.4772828839,0.0022979025179426047,100001.47958078643,2
2023-05-27,100001.48298360231,0.002530751268959219,100001.48551435358,3
2023-05-28,100001.49157684864,-0.028956263451064515,100001.46262058518,4
2023-05-29,100001.46697968895,-0.017302217937343982,100001.44967747101,3
2023-05-30,100001.41798473356,-0.012403686267530804,100001.4055810473,2
2023-05-31,100001.42747509766,-0.0003819575436816644,100001.42709314011,3
2023-06-01,100001.43925294482,-0.022991327912085923,100001.4162616169,4
2023-06-02,100001.4615321097,0.0026871164918387466,100001.46421922618,3
2023-06-03,100001.46684629846,-0.016058484722634384,100001.45078781374,4
2023-06-04,100001.48266262651,0.0,100001.48266262651,0
2023-06-05,100001.48266262651,0.0,100001.48266262651,0
2023-06-06,100001.48266262651,0.0,100001.48266262651,0
2023-06-07,100001.48266262651,0.0,100001.48266262651,0
2023-06-08,100001.48266262651,0.0,100001.48266262651,0
2023-06-09,100001.48266262651,0.0,100001.48266262651,0
2023-06-10,100001.48266262651,0.0,100001.48266262651,0
2023-06-11,100001.48266262651,0.0,100001.48266262651,0
2023-06-12,100001.48266262651,0.0,100001.48266262651,0
2023-06-13,100001.48266262651,0.0,100001.48266262651,0
2023-06-14,100001.48266262651,0.0,100001.48266262651,0
2023-06-15,100001.48266262651,0.0,100001.48266262651,0
2023-06-16,100001.48266262651,0.0,100001.48266262651,0
2023-06-17,100001.48266262651,0.0,100001.48266262651,0
2023-06-18,100001.48266262651,0.0,100001.48266262651,0
2023-06-19,100001.48266262651,0.0,100001.48266262651,0
2023-06-20,100001.48266262651,0.0,100001.48266262651,0
2023-06-21,100001.48266262651,0.0,100001.48266262651,0
2023-06-22,100001.48266262651,0.0,100001.48266262651,0
2023-06-23,100001.48266262651,0.0,100001.48266262651,0
2023-06-24,100001.48266262651,0.0,100001.48266262651,0
2023-06-25,100001.48266262651,0.0,100001.48266262651,0
2023-06-26,100001.48266262651,0.0,100001.48266262651,0
2023-06-27,100001.48266262651,0.0,100001.48266262651,0
2023-06-28,100001.48314698161,0.0,100001.48314698161,1
2023-06-29,100001.48376250101,0.0,100001.48376250101,1
2023-06-30,100001.48635314491,0.0,100001.48635314491,1
2023-07-01,100001.48997202591,0.0,100001.48997202591,1
2023-07-02,100001.49196346526,0.0009622789141047359,100001.49292574417,2
2023-07-03,100001.4955053284,0.0,100001.4955053284,1
2023-07-04,100001.49679293825,0.0,100001.49679293825,1
2023-07-05,100001.49751749716,0.00025395601172353323,100001.49777145317,2
2023-07-06,100001.49915811283,0.0,100001.49915811283,1
2023-07-07,100001.49941136196,0.0,100001.49941136196,1
2023-07-08,100001.4995633132,-0.00012596660715500973,100001.4994373466,2
2023-07-09,100001.49859466389,0.0,100001.49859466389,1
2023-07-10,100001.49757808373,0.0,100001.49757808373,1
2023-07-11,100001.49800068674,0.0,100001.49800068674,1
2023-07-12,100001.49829035843,-0.0003535381092931259,100001.49793682032,2
2023-07-13,100001.45954742217,0.0,100001.45954742217,1
2023-07-14,100001.46302803372,0.0,100001.46302803372,1
2023-07-15,100001.46415799361,0.0,100001.46415799361,0
2023-07-16,100001.46415799361,0.0,100001.46415799361,0
2023-07-17,100001.46415799361,0.0,100001.46415799361,0
2023-07-18,100001.46415799361,0.0,100001.46415799361,0
2023-07-19,100001.46415799361,0.0,100001.46415799361,0
2023-07-20,100001.47414928999,0.0,100001.47414928999,1
2023-07-21,100001.4817616898,0.002960965467567727,100001.48472265528,2
2023-07-22,100001.49906254701,0.0,100001.49906254701,1
2023-07-23,100001.50775529954,0.0,100001.50775529954,1
2023-07-24,100001.51169172845,-0.0004214678910371278,100001.51127026055,2
2023-07-25,100001.52191814811,0.0,100001.52191814811,1
2023-07-26,100001.52697385827,0.0,100001.52697385827,1
2023-07-27,100001.5303078014,-0.001927105459530458,100001.52838069593,2
2023-07-28,100001.53645688943,0.0,100001.53645688943,1
2023-07-29,100001.53928447647,-0.0019464610062877238,100001.53733801546,2
2023-07-30,100001.54410153598,0.0,100001.54410153598,1
2023-07-31,100001.54441780613,0.00016741653836653786,100001.54458522267,2
2023-08-01,100001.54544646239,0.0,100001.54544646239,1
2023-08-02,100001.54632544336,0.0,100001.54632544336,1
2023-08-03,100001.54685320235,0.0001840445048534073,100001.54703724686,2
2023-08-04,100001.54833534847,0.0,100001.54833534847,1
2023-08-05,100001.55002575339,0.0,100001.55002575339,1
2023-08-06,100001.55178428361,0.0,100001.55178428361,1
2023-08-07,100001.55294192766,0.0,100001.55294192766,1
2023-08-08,100001.5522752242,0.0,100001.5522752242,1
2023-08-09,100001.55250818453,4.663197538629462e-05,100001.5525548165,2
2023-08-10,100001.55273773709,0.0001684609571332951,100001.55290619805,3
2023-08-11,100001.5528923041,0.00029836556770464385,100001.55319066967,4
2023-08-12,100001.55414090626,0.0,100001.55414090626,1
2023-08-13,100001.55414492384,0.0,100001.55414492384,1
2023-08-14,100001.55414748144,0.0,100001.55414748144,1
2023-08-15,100001.55414748285,3.9392728040685994e-10,100001.55414748324,2
2023-08-16,100001.55414748608,0.0,100001.55414748608,1
2023-08-17,100001.55414748713,0.0,100001.55414748713,1
2023-08-18,100001.55414426923,0.0,100001.55414426923,1
2023-08-19,100001.55414384181,0.0,100001.55414384181,0
2023-08-20,100001.55414384181,0.0,100001.55414384181,0
2023-08-21,100001.55414384181,0.0,100001.55414384181,0
2023-08-22,100001.55414384181,0.0,100001.55414384181,0
2023-08-23,100001.55414384181,0.0,100001.55414384181,0
2023-08-24,100001.55414384181,0.0,100001.55414384181,0
2023-08-25,100001.55414384181,0.0,100001.55414384181,0
2023-08-26,100001.55414384181,0.0,100001.55414384181,0
2023-08-27,100001.55414384181,0.0,100001.55414384181,0
2023-08-28,100001.55417400501,0.0,100001.55417400501,1
2023-08-29,100001.55421357638,-2.1773094192142865e-05,100001.55419180328,2
2023-08-30,100001.55425684569,-2.0731564791808484e-05,100001.55423611413,3
2023-08-31,100001.55428302677,2.4194877573309153e-05,100001.55430722164,4
2023-09-01,100001.55440769508,0.0,100001.55440769508,1
2023-09-02,100001.55444004292,0.0,100001.55444004292,1
2023-09-03,100001.55446800806,0.0,100001.55446800806,1
2023-09-04,100001.55448275979,0.0,100001.55448275979,1
2023-09-05,100001.55449149727,0.0,100001.55449149727,1
2023-09-06,100001.55451144278,0.0,100001.55451144278,1
2023-09-07,100001.55445696811,0.0,100001.55445696811,1
2023-09-08,100001.55028459299,0.0,100001.55028459299,1
2023-09-09,100001.55110274519,0.0,100001.55110274519,1
2023-09-10,100001.54997709548,0.0,100001.54997709548,1
2023-09-11,100001.55095796734,0.0001588101840920204,100001.55111677753,2
2023-09-12,100001.54619131355,0.0,100001.54619131355,0
2023-09-13,100001.54619131355,0.0,100001.54619131355,0
2023-09-14,100001.54619131355,0.0,100001.54619131355,0
2023-09-15,100001.54619131355,0.0,100001.54619131355,0
2023-09-16,100001.54619131355,0.0,100001.54619131355,0
2023-09-17,100001.54619131355,0.0,100001.54619131355,0
2023-09-18,100001.54619131355,0.0,100001.54619131355,0
2023-09-19,100001.54619131355,0.0,100001.54619131355,0
2023-09-20,100001.54619131355,0.0,100001.54619131355,0
2023-09-21,100001.54619131355,0.0,100001.54619131355,0
2023-09-22,100001.54619131355,0.0,100001.54619131355,0
2023-09-23,100001.54619131355,0.0,100001.54619131355,0
2023-09-24,100001.54619131355,0.0,100001.54619131355,0
2023-09-25,100001.54619131355,0.0,100001.54619131355,0
2023-09-26,100001.54619131355,0.0,100001.54619131355,0
2023-09-27,100001.54619131355,0.0,100001.54619131355,0
2023-09-28,100001.54619131355,0.0,100001.54619131355,0
2023-09-29,100001.54619131355,0.0,100001.54619131355,0
2023-09-30,100001.54619131355,0.0,100001.54619131355,0
2023-10-01,100001.54619131355,0.0,100001.54619131355,0
2023-10-02,100001.54619131355,0.0,100001.54619131355,0
2023-10-03,100001.54619131355,0.0,100001.54619131355,0
2023-10-04,100001.54619131355,0.0,100001.54619131355,0
2023-10-05,100001.54619131355,0.0,100001.54619131355,0
2023-10-06,100001.54619131355,0.0,100001.54619131355,0
2023-10-07,100001.54619131355,0.0,100001.54619131355,0
2023-10-08,100001.54619131355,0.0,100001.54619131355,0
2023-10-09,100001.54619131355,0.0,100001.54619131355,0
2023-10-10,100001.54619131355,0.0,100001.54619131355,0
2023-10-11,100001.54619131355,0.0,100001.54619131355,0
2023-10-12,100001.54619131355,0.0,100001.54619131355,0
2023-10-13,100001.54619131355,0.0,100001.54619131355,0
2023-10-14,100001.54619131355,0.0,100001.54619131355,0
2023-10-15,100001.54619131355,0.0,100001.54619131355,0
2023-10-16,100001.54619131355,0.0,100001.54619131355,0
2023-10-17,100001.54619131355,0.0,100001.54619131355,0
2023-10-18,100001.54619131355,0.0,100001.54619131355,0
2023-10-19,100001.54619131355,0.0,100001.54619131355,0
2023-10-20,100001.54619131355,0.0,100001.54619131355,0
2023-10-21,100001.54619131355,0.0,100001.54619131355,0
2023-10-22,100001.54619131355,0.0,100001.54619131355,0
2023-10-23,100001.54619131355,0.0,100001.54619131355,0
2023-10-24,100001.55386045609,0.0,100001.55386045609,1
2023-10-25,100001.56345433932,0.0,100001.56345433932,1
2023-10-26,100001.56759401853,0.0008731517611095582,100001.56846717029,2
2023-10-27,100001.57450702292,0.0019947613742902397,100001.5765017843,2
2023-10-28,100001.56706130861,-0.0069832882295721,100001.56007802038,2
2023-10-29,100001.55901079421,-0.006996531292650238,100001.55201426292,2
2023-10-30,100001.57566363306,0.0039023444130507554,100001.57956597747,2
2023-10-31,100001.58493092589,0.001486373909048884,100001.5864172998,3
2023-11-01,100001.59778896374,-0.03329608641815884,100001.56449287733,4
2023-11-02,100001.6206915001,0.0069405466391401875,100001.62763204673,3
2023-11-03,100001.65049547511,0.0,100001.65049547511,1
2023-11-04,100001.65711207737,0.0,100001.65711207737,1
2023-11-05,100001.65975133872,0.0,100001.65975133872,1
2023-11-06,100001.66119496098,-0.0008492026838296586,100001.6603457583,2
2023-11-07,100001.64391546609,0.0,100001.64391546609,1
2023-11-08,100001.65145436609,0.0,100001.65145436609,1
2023-11-09,100001.65595309454,0.0003816301826100807,100001.65633472471,2
2023-11-10,100001.66386982742,0.0,100001.66386982742,1
2023-11-11,100001.66844816055,0.0,100001.66844816055,1
2023-11-12,100001.67312200068,0.0,100001.67312200068,1
2023-11-13,100001.67613199912,0.0,100001.67613199912,1
2023-11-14,100001.67853639094,0.0,100001.67853639094,1
2023-11-15,100001.68082130991,-0.0010071199318250007,100001.67981418998,2
2023-11-16,100001.68617307943,0.0,100001.68617307943,1
2023-11-17,100001.68951439526,0.0,100001.68951439526,1
2023-11-18,100001.69197086921,0.0,100001.69197086921,1
2023-11-19,100001.69433017928,0.0,100001.69433017928,1
2023-11-20,100001.696797878,0.0,100001.696797878,1
2023-11-21,100001.69868373747,0.0,100001.69868373747,1
2023-11-22,100001.70075424928,0.0,100001.70075424928,1
2023-11-23,100001.70185567664,0.0,100001.70185567664,1
2023-11-24,100001.70240586848,-0.0005648412030379783,100001.70184102727,2
2023-11-25,100001.69851015789,0.0,100001.69851015789,1
2023-11-26,100001.68427695628,0.0,100001.68427695628,1
2023-11-27,100001.69517604596,0.0,100001.69517604596,1
2023-11-28,100001.70311036018,-0.009744227702646047,100001.69336613247,2
2023-11-29,100001.7095900687,-0.003071915048207148,100001.70651815365,3
2023-11-30,100001.7151250801,0.002408870207926605,100001.7175339503,4
2023-12-01,100001.73860985642,0.0,100001.73860985642,1
2023-12-02,100001.74464928974,0.0,100001.74464928974,1
2023-12-03,100001.75073333083,0.0,100001.75073333083,1
2023-12-04,100001.75438351504,-0.0010695727256866943,100001.75331394232,2
2023-12-05,100001.75748861817,0.001473464048687206,100001.75896208221,3
2023-12-06,100001.76676396253,0.0,100001.76676396253,1
2023-12-07,100001.76928004365,0.0,100001.76928004365,1
2023-12-08,100001.77094728469,0.0,100001.77094728469,1
2023-12-09,100001.77232736809,0.0,100001.77232736809,1
2023-12-10,100001.77365192556,0.0,100001.77365192556,1
2023-12-11,100001.77476823264,0.0,100001.77476823264,1
2023-12-12,100001.77589226012,0.0,100001.77589226012,1
2023-12-13,100001.77660347107,0.0003587887734675366,100001.77696225984,2
2023-12-14,100001.77699937751,-0.0003469164961912596,100001.77665246102,3
2023-12-15,100001.77853036339,0.0,100001.77853036339,1
2023-12-16,100001.77886801364,-0.0002141248251389923,100001.77865388882,2
2023-12-17,100001.77926311281,-0.00041399852739353645,100001.77884911429,3
2023-12-18,100001.78016288357,9.522229765240723e-05,100001.78025810586,2
2023-12-19,100001.78113405433,0.0,100001.78113405433,1
2023-12-20,100001.78140876518,0.00014573965164583222,100001.78155450484,2
2023-12-21,100001.78205910252,0.0,100001.78205910252,1
2023-12-22,100001.78283832752,0.0,100001.78283832752,1
2023-12-23,100001.78366107932,0.0,100001.78366107932,1
2023-12-24,100001.78737040608,0.0,100001.78737040608,1
2023-12-25,100001.79176857216,0.0,100001.79176857216,1
2023-12-26,100001.7929311082,-0.003144897888916515,100001.78978621031,2
2023-12-27,100001.79563979307,0.0,100001.79563979307,1
2023-12-28,100001.79599777663,0.0,100001.79599777663,1
2023-12-29,100001.7961850581,0.0,100001.7961850581,1
2023-12-30,100001.79636442894,0.0,100001.79636442894,1
2023-12-31,100001.79646905093,1.361353099011282e-05,100001.79648266446,2
2024-01-01,100001.7954600356,0.0,100001.7954600356,1
2024-01-02,100001.79580054824,7.331385330203361e-05,100001.7958738621,2
2024-01-03,100001.79626205837,-0.000795521586969991,100001.79546653679,3
2024-01-04,100001.7951562457,-0.00028899436285039545,100001.79486725134,2
2024-01-05,100001.79616591617,0.00021318786131131425,100001.79637910402,2
2024-01-06,100001.79829627926,0.0,100001.79829627926,1
2024-01-07,100001.79987014105,0.0,100001.79987014105,1
2024-01-08,100001.79796655118,0.0,100001.79796655118,1
2024-01-09,100001.80048344359,0.0,100001.80048344359,1
2024-01-10,100001.80361290155,0.0,100001.80361290155,1
2024-01-11,100001.80548022606,-0.0005232963060904008,100001.80495692976,2
2024-01-12,100001.80740809112,0.0005682175188877854,100001.80797630864,3
2024-01-13,100001.81271988084,0.0,100001.81271988084,1
2024-01-14,100001.813898061,-0.0010898149963975011,100001.812808246,2
2024-01-15,100001.81573629745,0.0003792276149205574,100001.81611552506,2
2024-01-16,100001.81704622801,0.00021914456495848549,100001.81726537258,2
2024-01-17,100001.81906096212,0.0,100001.81906096212,1
2024-01-18,100001.81996751102,-0.0008349009163441433,100001.81913261011,2
2024-01-19,100001.81870691957,0.0,100001.81870691957,0
2024-01-20,100001.81870691957,0.0,100001.81870691957,0
2024-01-21,100001.81870691957,0.0,100001.81870691957,0
2024-01-22,100001.81870691957,0.0,100001.81870691957,0
2024-01-23,100001.81870691957,0.0,100001.81870691957,0
2024-01-24,100001.81870691957,0.0,100001.81870691957,0
2024-01-25,100001.81871636999,0.0,100001.81871636999,1
2024-01-26,100001.8186069363,0.0,100001.8186069363,1
2024-01-27,100001.8176613893,0.0,100001.8176613893,1
2024-01-28,100001.81701719468,0.0,100001.81701719468,1
2024-01-29,100001.81723339153,0.0,100001.81723339153,0
2024-01-30,100001.81723339153,0.0,100001.81723339153,0
2024-01-31,100001.81723339153,0.0,100001.81723339153,0
2024-02-01,100001.81723339153,0.0,100001.81723339153,0
2024-02-02,100001.81723339153,0.0,100001.81723339153,0
2024-02-03,100001.81723339153,0.0,100001.81723339153,0
2024-02-04,100001.83201648119,0.0,100001.83201648119,1
2024-02-05,100001.8640643738,0.0,100001.8640643738,1
2024-02-06,100001.90215510056,0.0,100001.90215510056,1
2024-02-07,100001.93860732175,0.0,100001.93860732175,1
2024-02-08,100001.96514024284,0.0,100001.96514024284,1
2024-02-09,100001.99108134447,0.0,100001.99108134447,1
2024-02-10,100002.00465555755,-0.0010793103878997679,100002.00357624717,2
2024-02-11,100002.02197944185,-0.02445365196532094,100001.99752578989,3
2024-02-12,100002.03936302204,-0.004274734047110887,100002.03508828799,4
2024-02-13,100002.06253358688,0.009449013229230474,100002.07198260012,4
2024-02-14,100002.07743309523,0.002555581332299925,100002.07998867656,5
2024-02-15,100002.14180632138,0.0,100002.14180632138,1
2024-02-16,100002.16815347565,0.0,100002.16815347565,1
2024-02-17,100002.18845050997,0.0,100002.18845050997,1
2024-02-18,100002.21176639451,0.0,100002.21176639451,1
2024-02-19,100002.23486187855,-0.028338668453148363,100002.2065232101,2
2024-02-20,100002.25677192723,-0.01683155016121568,100002.23994037707,3
2024-02-21,100002.27360970082,-0.018289538176212775,100002.25532016264,4
2024-02-22,100001.76123448674,0.0,100001.76123448674,1
2024-02-23,100001.8000922192,0.006992807626569897,100001.80708502683,2
2024-02-24,100001.83531431576,0.027047920760196742,100001.86236223651,3
2024-02-25,100001.9626629103,0.0,100001.9626629103,1
2024-02-26,100001.99901109435,0.0,100001.99901109435,1
2024-02-27,100002.00670593497,-0.0027859512392917896,100002.00391998373,2
2024-02-28,100002.03405085595,0.0,100002.03405085595,1
2024-02-29,100002.0545055229,0.0,100002.0545055229,1
2024-03-01,100002.06729824505,0.0,100002.06729824505,1
2024-03-02,100002.06965964593,0.0007265133945505084,100002.07038615932,2
2024-03-03,100002.06900928721,-0.003398463040238907,100002.06561082417,2
2024-03-04,100002.07193391684,-5.5107403021999873e-05,100002.07187880944,3
2024-03-05,100002.08211173954,0.0,100002.08211173954,1
2024-03-06,100002.08423049368,0.0,100002.08423049368,1
2024-03-07,100002.08644630943,0.0,100002.08644630943,1
2024-03-08,100002.08772428878,-0.00014010174356603872,100002.08758418703,2
2024-03-09,100002.08258660047,0.0,100002.08258660047,1
2024-03-10,100002.08566686309,0.0,100002.08566686309,1
2024-03-11,100002.07195037411,0.0,100002.07195037411,1
2024-03-12,100002.07986299442,0.0,100002.07986299442,1
2024-03-13,100002.08439163622,0.001086840095452981,100002.08547847632,2
2024-03-14,100002.08928900425,-0.0003158763823883984,100002.08897312786,3
2024-03-15,100002.02488392986,0.0,100002.02488392986,1
2024-03-16,100002.04061546823,0.0,100002.04061546823,1
2024-03-17,100002.04050338907,0.0,100002.04050338907,0
2024-03-18,100002.04050338907,0.0,100002.04050338907,0
2024-03-19,100002.04050338907,0.0,100002.04050338907,0
2024-03-20,100002.04050338907,0.0,100002.04050338907,0
2024-03-21,100002.04050338907,0.0,100002.04050338907,0
2024-03-22,100002.04050338907,0.0,100002.04050338907,0
2024-03-23,100002.04050338907,0.0,100002.04050338907,0
2024-03-24,100002.04050338907,0.0,100002.04050338907,0
2024-03-25,100002.04050338907,0.0,100002.04050338907,0
2024-03-26,100002.04050338907,0.0,100002.04050338907,0
2024-03-27,100002.04050338907,0.0,100002.04050338907,0
2024-03-28,100002.04050338907,0.0,100002.04050338907,0
2024-03-29,100002.04050338907,0.0,100002.04050338907,0
2024-03-30,100002.04050338907,0.0,100002.04050338907,0
2024-03-31,100002.04050338907,0.0,100002.04050338907,0
2024-04-01,100002.04050338907,0.0,100002.04050338907,0
2024-04-02,100002.04050338907,0.0,100002.04050338907,0
2024-04-03,100002.04050338907,0.0,100002.04050338907,0
2024-04-04,100002.04050338907,0.0,100002.04050338907,0
2024-04-05,100002.04050338907,0.0,100002.04050338907,0
2024-04-06,100002.04050338907,0.0,100002.04050338907,0
2024-04-07,100002.04050338907,0.0,100002.04050338907,0
2024-04-08,100002.04471076987,0.0,100002.04471076987,1
2024-04-09,100002.04879051876,0.0013670239821207512,100002.05015754275,2
2024-04-10,100002.05299701482,0.0015184369082589695,100002.05451545173,2
2024-04-11,100001.9443337448,0.0,100001.9443337448,1
2024-04-12,100001.96113292745,0.0,100001.96113292745,1
2024-04-13,100001.98179386913,0.0,100001.98179386913,1
2024-04-14,100001.98948319312,0.006646460666464432,100001.99612965378,2
2024-04-15,100002.00645277892,0.0034545320613232552,100002.00990731099,2
2024-04-16,100002.02346481985,0.0,100002.02346481985,1
2024-04-17,100002.01360489894,0.0,100002.01360489894,1
2024-04-18,100002.02235382874,0.0,100002.02235382874,0
2024-04-19,100002.02235382874,0.0,100002.02235382874,0
2024-04-20,100002.02235382874,0.0,100002.02235382874,0
2024-04-21,100002.02235382874,0.0,100002.02235382874,0
2024-04-22,100002.02235382874,0.0,100002.02235382874,0
2024-04-23,100002.02235382874,0.0,100002.02235382874,0
2024-04-24,100002.02235382874,0.0,100002.02235382874,0
2024-04-25,100002.02235382874,0.0,100002.02235382874,0
2024-04-26,100002.02235382874,0.0,100002.02235382874,0
2024-04-27,100002.02235382874,0.0,100002.02235382874,0
2024-04-28,100002.02235382874,0.0,100002.02235382874,0
2024-04-29,100002.02235382874,0.0,100002.02235382874,0
2024-04-30,100002.02235382874,0.0,100002.02235382874,0
2024-05-01,100002.02235382874,0.0,100002.02235382874,0
2024-05-02,100002.02235382874,0.0,100002.02235382874,0
2024-05-03,100002.02235382874,0.0,100002.02235382874,0
2024-05-04,100002.02235382874,0.0,100002.02235382874,0
2024-05-05,100002.02235382874,0.0,100002.02235382874,0
2024-05-06,100002.02235382874,0.0,100002.02235382874,0
2024-05-07,100002.02235382874,0.0,100002.02235382874,0
2024-05-08,100002.02235382874,0.0,100002.02235382874,0
2024-05-09,100002.02235382874,0.0,100002.02235382874,0
2024-05-10,100002.02235382874,0.0,100002.02235382874,0
2024-05-11,100002.02235382874,0.0,100002.02235382874,0
2024-05-12,100002.02235382874,0.0,100002.02235382874,0
2024-05-13,100002.02235382874,0.0,100002.02235382874,0
2024-05-14,100002.02235382874,0.0,100002.02235382874,0
2024-05-15,100002.02235382874,0.0,100002.02235382874,0
2024-05-16,100002.02235382874,0.0,100002.02235382874,0
2024-05-17,100002.02235382874,0.0,100002.02235382874,0
2024-05-18,100002.02235382874,0.0,100002.02235382874,0
2024-05-19,100002.02235382874,0.0,100002.02235382874,0
2024-05-20,100002.02235382874,0.0,100002.02235382874,0
2024-05-21,100002.02235382874,0.0,100002.02235382874,0
2024-05-22,100002.02235382874,0.0,100002.02235382874,0
2024-05-23,100002.02235382874,0.0,100002.02235382874,0
2024-05-24,100002.02235382874,0.0,100002.02235382874,0
2024-05-25,100002.02235382874,0.0,100002.02235382874,0
2024-05-26,100002.02235382874,0.0,100002.02235382874,0
2024-05-27,100002.02235382874,0.0,100002.02235382874,0
2024-05-28,100002.02235382874,0.0,100002.02235382874,0
2024-05-29,100002.02235382874,0.0,100002.02235382874,0
2024-05-30,100002.02235382874,0.0,100002.02235382874,0
2024-05-31,100002.02235382874,0.0,100002.02235382874,0
2024-06-01,100002.02235382874,0.0,100002.02235382874,0
2024-06-02,100002.02235382874,0.0,100002.02235382874,0
2024-06-03,100002.02235382874,0.0,100002.02235382874,0
2024-06-04,100002.02235382874,0.0,100002.02235382874,0
2024-06-05,100002.02235382874,0.0,100002.02235382874,0
2024-06-06,100002.02235382874,0.0,100002.02235382874,0
2024-06-07,100002.02235382874,0.0,100002.02235382874,0
2024-06-08,100002.02235382874,0.0,100002.02235382874,0
2024-06-09,100002.02235382874,0.0,100002.02235382874,0
2024-06-10,100002.02235382874,0.0,100002.02235382874,0
2024-06-11,100002.02235382874,0.0,100002.02235382874,0
2024-06-12,100002.02235382874,0.0,100002.02235382874,0
2024-06-13,100002.02235382874,0.0,100002.02235382874,0
2024-06-14,100002.02235382874,0.0,100002.02235382874,0
2024-06-15,100002.02235382874,0.0,100002.02235382874,0
2024-06-16,100002.02235382874,0.0,100002.02235382874,0
2024-06-17,100002.02235382874,0.0,100002.02235382874,0
2024-06-18,100002.02235382874,0.0,100002.02235382874,0
2024-06-19,100002.02654304076,0.0,100002.02654304076,1
2024-06-20,100002.03069818737,-0.0010478248272801152,100002.02965036254,2
2024-06-21,100002.04073606002,0.0,100002.04073606002,1
2024-06-22,100002.04422764576,0.0005068835921618817,100002.04473452935,2
2024-06-23,100002.04666209951,0.002516137860173297,100002.04917823737,3
2024-06-24,100002.05053195439,-0.010370633013042155,100002.04016132138,4
2024-06-25,100002.06000590905,0.0009756486274106139,100002.06098155768,2
2024-06-26,100002.0696491658,0.0,100002.0696491658,1
2024-06-27,100002.07920373938,-0.012305502963136372,100002.06689823641,2
2024-06-28,100002.08824581094,-0.0014353288278029855,100002.08681048211,3
2024-06-29,100002.11580186358,0.0,100002.11580186358,1
2024-06-30,100002.12048543018,0.0016270772081767096,100002.12211250738,2
2024-07-01,100002.13162261725,0.0,100002.13162261725,1
2024-07-02,100002.12895761493,0.0,100002.12895761493,1
2024-07-03,100002.13680677574,0.0,100002.13680677574,1
2024-07-04,100002.13710216494,6.988616799108406e-05,100002.13717205111,2
2024-07-05,100002.1378649709,0.0,100002.1378649709,1
2024-07-06,100002.13841920233,0.0,100002.13841920233,1
2024-07-07,100002.14107611481,0.0,100002.14107611481,1
2024-07-08,100002.14507272492,0.0,100002.14507272492,1
2024-07-09,100002.14791923657,0.0,100002.14791923657,1
2024-07-10,100002.14894206265,0.0,100002.14894206265,1
2024-07-11,100002.1494211453,0.00018086366177017584,100002.14960200895,2
2024-07-12,100002.15057393661,0.0,100002.15057393661,1
2024-07-13,100002.15070125302,4.171428664213363e-05,100002.15074296731,2
2024-07-14,100002.1509960019,0.0,100002.1509960019,1
2024-07-15,100002.15118211012,0.0,100002.15118211012,1
2024-07-16,100002.15095969972,0.0,100002.15095969972,1
2024-07-17,100002.15151842925,0.0,100002.15151842925,1
2024-07-18,100002.1523555545,0.0,100002.1523555545,1
2024-07-19,100002.15301413448,0.0,100002.15301413448,1
2024-07-20,100002.1409300951,0.0,100002.1409300951,1
2024-07-21,100002.14373788548,-0.0007984086849681035,100002.14293947679,2
2024-07-22,100002.1514691957,0.0,100002.1514691957,1
2024-07-23,100002.15470243101,0.001480204770314391,100002.15618263578,2
2024-07-24,100002.15807030188,-0.0036344444131134433,100002.15443585748,3
2024-07-25,100002.16213278665,-0.008573017489927042,100002.15355976915,4
2024-07-26,100002.17594069857,0.0,100002.17594069857,1
2024-07-27,100002.17781961379,0.0,100002.17781961379,1
2024-07-28,100002.17857383308,4.874036901286044e-05,100002.17862257345,2
2024-07-29,100002.17905178113,0.000556723459504613,100002.1796085046,3
2024-07-30,100002.17959060775,0.00039380886291196567,100002.17998441661,4
2024-07-31,100002.17942062482,-0.0022244108343561593,100002.17719621398,4
2024-08-01,100002.18171944263,0.0,100002.18171944263,0
2024-08-02,100002.18171944263,0.0,100002.18171944263,0
2024-08-03,100002.18171944263,0.0,100002.18171944263,0
2024-08-04,100002.18171944263,0.0,100002.18171944263,0
2024-08-05,100002.18386197135,0.0,100002.18386197135,1
2024-08-06,100002.18598459475,0.0,100002.18598459475,1
2024-08-07,100002.18632743746,0.0,100002.18632743746,1
2024-08-08,100002.18652672884,7.33421305458776e-05,100002.18660007097,2
2024-08-09,100002.18643583887,-0.00020789400130965803,100002.18622794487,2
2024-08-10,100002.1869618837,5.265850746338568e-05,100002.1870145422,2
2024-08-11,100002.18566825986,0.0,100002.18566825986,1
2024-08-12,100002.18718590122,0.0,100002.18718590122,1
2024-08-13,100002.18834275242,-0.00020935784420029503,100002.18813339456,2
2024-08-14,100002.19050890084,0.0,100002.19050890084,1
2024-08-15,100002.19130177856,0.0,100002.19130177856,1
2024-08-16,100002.19168218727,0.0,100002.19168218727,1
2024-08-17,100002.19193168709,0.0,100002.19193168709,1
2024-08-18,100002.19203427418,-3.0959477435518745e-05,100002.1920033147,2
2024-08-19,100002.19222795637,0.0,100002.19222795637,1
2024-08-20,100002.19217300783,0.0,100002.19217300783,1
2024-08-21,100002.19219475397,0.0,100002.19219475397,1
2024-08-22,100002.19226880223,0.0,100002.19226880223,1
2024-08-23,100002.1923407266,-0.00010097271055382439,100002.19223975389,2
2024-08-24,100002.19221129963,-4.696713229358112e-05,100002.19216433249,2
2024-08-25,100002.19238483538,0.0,100002.19238483538,1
2024-08-26,100002.19247743933,0.0,100002.19247743933,1
2024-08-27,100002.19256892901,0.0,100002.19256892901,1
2024-08-28,100002.19265815007,0.0,100002.19265815007,1
2024-08-29,100002.19274248515,0.0,100002.19274248515,1
2024-08-30,100002.1928191921,0.0,100002.1928191921,1
2024-08-31,100002.19285960149,0.0,100002.19285960149,1
2024-09-01,100002.1928671852,2.2536933486649473e-06,100002.19286943889,2
2024-09-02,100002.19288561992,0.0,100002.19288561992,1
2024-09-03,100002.19289806028,0.0,100002.19289806028,1
2024-09-04,100002.19290905348,0.0,100002.19290905348,1
2024-09-05,100002.19289654178,0.0,100002.19289654178,1
2024-09-06,100002.19293063671,0.0,100002.19293063671,1
2024-09-07,100002.19295601366,6.053196705947623e-06,100002.19296206687,2
2024-09-08,100002.1890389514,0.0,100002.1890389514,1
2024-09-09,100002.18963723253,0.0,100002.18963723253,1
2024-09-10,100002.18983389305,0.00013440760600246177,100002.18996830065,2
2024-09-11,100002.19034555074,0.0,100002.19034555074,1
2024-09-12,100002.1905198462,0.0,100002.1905198462,1
2024-09-13,100002.19066750197,0.0,100002.19066750197,1
2024-09-14,100002.19084998028,0.0,100002.19084998028,1
2024-09-15,100002.19097872506,-2.2792478622627203e-05,100002.19095593259,2
2024-09-16,100002.1912751296,0.0,100002.1912751296,1
2024-09-17,100002.19138521582,3.3503974670721676e-05,100002.1914187198,2
2024-09-18,100002.19168248198,0.0,100002.19168248198,1
2024-09-19,100002.19179727642,0.0,100002.19179727642,1
2024-09-20,100002.19176177893,0.0,100002.19176177893,1
2024-09-21,100002.19182322412,0.0,100002.19182322412,1
2024-09-22,100002.19182758247,4.3945413911478605e-06,100002.19183197702,2
2024-09-23,100002.19184397454,0.0,100002.19184397454,1
2024-09-24,100002.19184913907,0.0,100002.19184913907,1
2024-09-25,100002.19187594978,0.0,100002.19187594978,1
2024-09-26,100002.19190534168,1.1834469363627888e-06,100002.19190652513,2
2024-09-27,100002.19194159792,-8.05664096658053e-06,100002.19193354128,3
2024-09-28,100002.19197522389,3.8513385456810596e-05,100002.19201373728,4
2024-09-29,100002.19205954799,1.4760683432515063e-05,100002.19207430867,2
2024-09-30,100002.1921345493,0.0,100002.1921345493,1
2024-10-01,100002.19144792703,0.0,100002.19144792703,1
2024-10-02,100002.19125246032,0.0,100002.19125246032,1
2024-10-03,100002.19134024096,9.397635084924718e-05,100002.19143421731,2
2024-10-04,100002.1918045194,0.0,100002.1918045194,1
2024-10-05,100002.19228458167,0.0,100002.19228458167,1
2024-10-06,100002.19270604126,0.0,100002.19270604126,1
2024-10-07,100002.19290731732,4.8843747637618284e-05,100002.19295616107,2
2024-10-08,100002.19331095087,0.0,100002.19331095087,1
2024-10-09,100002.19332832497,0.0,100002.19332832497,1
2024-10-10,100002.19331879477,0.0,100002.19331879477,1
2024-10-11,100002.19334662527,0.0,100002.19334662527,1
2024-10-12,100002.1933883154,0.0,100002.1933883154,1
2024-10-13,100002.19343804881,0.0,100002.19343804881,1
2024-10-14,100002.19348271462,0.0,100002.19348271462,1
2024-10-15,100002.19353416597,0.0,100002.19353416597,1
2024-10-16,100002.17561152906,0.0,100002.17561152906,1
2024-10-17,100002.17889690254,0.0,100002.17889690254,1
2024-10-18,100002.18105429088,-0.0007834114570574348,100002.18027087943,2
2024-10-19,100002.13481873587,0.0,100002.13481873587,1
2024-10-20,100002.14442357542,0.0,100002.14442357542,1
2024-10-21,100002.14861061361,0.0,100002.14861061361,0
2024-10-22,100002.14861061361,0.0,100002.14861061361,0
2024-10-23,100002.14861061361,0.0,100002.14861061361,0
2024-10-24,100002.16009472629,0.0,100002.16009472629,1
2024-10-25,100002.17757931535,0.0,100002.17757931535,1
2024-10-26,100002.19630692723,0.0,100002.19630692723,1
2024-10-27,100002.21844361411,0.0,100002.21844361411,1
2024-10-28,100002.23193542585,0.0042859862109851515,100002.23622141207,2
2024-10-29,100002.16771831838,0.0,100002.16771831838,1
2024-10-30,100002.19214150084,0.0051921482529831975,100002.19733364909,2
2024-10-31,100002.20682018696,0.010601290859724166,100002.21742147782,3
