entry_date,exit_date,short_strike,long_strike,credit,pnl,return_pct,reason,days_held
2020-08-03,2020-08-05,70.48,65.48,5.35975439803001e-10,5.333242027801776e-08,1.0666484056746946e-08,profit_target,2
2020-08-04,2020-08-05,69.85,64.85,8.462755780186817e-10,8.444360179604259e-08,1.6888720362067023e-08,profit_target,1
2020-08-05,2020-08-06,70.16,65.16,7.440218225882374e-12,5.763845759773024e-10,1.1527691519563201e-10,profit_target,1
2020-08-06,2020-08-07,69.67,64.67,1.4604837313899938e-12,1.4527403168818463e-10,2.905480633764541e-11,profit_target,1
2020-08-07,2020-08-08,69.7,64.7,2.2298315201390986e-14,-8.653077476309819e-06,-1.7306154952619712e-06,stop_loss,1
2020-08-08,2020-08-09,72.83,67.83,2.7654841106293033e-06,-0.03378186438252342,-0.006756376613435118,stop_loss,1
2020-08-09,2020-08-10,70.44,65.44,9.864697972884404e-05,0.007918566868790127,0.001583744620082712,profit_target,1
2020-08-10,2020-08-11,71.0,66.0,4.075479853995125e-05,-0.00941103188836846,-0.0018822217195870901,stop_loss,1
2020-08-11,2020-08-12,69.42,64.42,6.114358576293139e-05,0.0033856029565455022,0.0006771288717265486,profit_target,1
2020-08-12,2020-08-13,69.05,64.05,2.8523806827210685e-05,0.0021497533645176473,0.00042995312568350983,profit_target,1
2020-08-13,2020-08-14,70.48,65.48,3.0229958539270118e-05,0.0022343443521464193,0.00044687157221110396,profit_target,1
2020-08-15,2020-08-17,69.37,64.37,1.8120692976836957e-05,0.0013551778070431042,0.00027103654368261954,profit_target,2
2020-08-16,2020-08-17,68.45,63.45,1.2913702682695494e-05,0.0009884694301309197,0.00019769439661951595,profit_target,1
2020-08-14,2020-08-19,70.81,65.81,1.4686826661819946e-05,0.0007848857635129322,0.0001569776138031872,profit_target,5
2020-08-18,2020-08-19,68.42,63.42,1.1034888283797095e-05,0.0007031189297256799,0.0001406240962993745,profit_target,1
2020-08-17,2020-08-20,69.63,64.63,1.2002890233382435e-05,0.0009808445573064506,0.00019616938238120287,profit_target,3
2020-08-19,2020-08-20,68.48,63.480000000000004,6.163139601941481e-06,0.00044462947176629073,8.89260039659335e-05,profit_target,1
2020-09-11,2020-09-13,73.13,68.13,0.00024044770770786244,0.017374539913874037,0.003475075097543071,profit_target,2
2020-09-12,2020-09-13,72.66,67.66,0.0002003621238680695,0.013219028374741945,0.0026439116228980054,profit_target,1
2020-09-10,2020-09-16,74.61,69.61,0.00018967738069281675,0.014853069362538116,0.0029707265684344743,profit_target,6
2020-09-13,2020-09-16,74.81,69.81,0.0003153951089892134,0.018272723819900857,0.0036547753036312155,profit_target,3
2020-09-14,2020-09-16,73.02,68.02,0.00033812130553369246,0.02766069515483754,0.005532513163082225,profit_target,2
2020-09-15,2020-09-16,73.11,68.11,0.00029974823559409975,0.0210948565312508,0.0042192242472548986,profit_target,1
2020-09-16,2020-09-19,75.36,70.36,0.00041176323405023264,-0.9275481305865767,-0.18552490458425705,stop_loss,3
2020-09-17,2020-09-19,74.77,69.77,0.0003511348059927833,-0.8704845857356972,-0.17410914430326074,stop_loss,2
2020-09-18,2020-09-19,74.59,69.59,0.00035549793509178544,-0.9543860581998048,-0.19089078389586156,stop_loss,1
2020-09-20,2020-09-21,68.68,63.68000000000001,0.0019189371613808834,0.11477360551117748,0.022963534218069036,profit_target,1
2020-09-19,2020-09-22,70.12,65.12,0.0017950569791939982,-0.16657741622419753,-0.033327448178529825,trend_reversal,3
2020-09-21,2020-09-22,68.9,63.900000000000006,0.0010806358526091998,-0.1801746399624995,-0.0360427178031166,trend_reversal,1
2020-10-13,2020-10-14,69.98,64.98,0.0005906728687755623,0.035187513991614135,0.007038334268941635,profit_target,1
2020-10-14,2020-10-16,70.94,65.94,0.000526249645182345,0.028142727835675067,0.005629138033513578,profit_target,2
2020-10-15,2020-10-17,71.02,66.02,0.0005254697188073901,0.02643144691751464,0.005286844998893918,profit_target,2
2020-10-16,2020-10-19,70.5,65.5,0.00032018143796868617,0.02998951006547746,0.00599828612107061,profit_target,3
2020-10-17,2020-10-19,70.44,65.44,0.0003141028707030173,0.028648842910211036,0.0057301285520077435,profit_target,2
2020-10-18,2020-10-19,70.38,65.38,0.00031465453153884174,0.027782430320489018,0.005556835760808435,profit_target,1
2020-10-19,2020-10-20,69.51,64.51,2.6383867945327265e-05,0.0019959755439950435,0.0003991972152723311,profit_target,1
2020-10-20,2020-10-21,70.65,65.65,2.255270668775075e-05,0.0012882051187207736,0.0002576421858498843,profit_target,1
2020-10-21,2020-10-22,71.42,66.42,2.472410249357008e-05,0.00032813046064816137,6.562641664048253e-05,trend_reversal,1
2020-10-25,2020-10-26,73.3,68.3,2.1556636958800533e-06,0.00014198487586564978,2.8396987416000927e-05,profit_target,1
2020-10-26,2020-10-27,73.93,68.93,2.0010821590330127e-06,-0.000799394128943657,-0.00015987888977489018,stop_loss,1
2020-10-27,2020-10-28,72.27,67.27,3.540417902720037e-06,0.00030569093339620257,6.11382299702173e-05,profit_target,1
2020-10-28,2020-10-29,72.44,67.44,8.874060616256766e-07,7.94265236926386e-05,1.5885307557871364e-05,profit_target,1
2020-10-29,2020-10-30,74.05,69.05,7.530685577657294e-07,5.365674530779226e-05,1.0731350677847007e-05,profit_target,1
2020-10-30,2020-10-31,74.79,69.79,7.071381886157489e-07,4.0944778560152634e-05,8.188956870175351e-06,profit_target,1
2020-10-31,2020-11-01,74.86,69.86,5.037618452776404e-07,3.010378408548814e-05,6.020757423703201e-06,profit_target,1
2020-11-01,2020-11-02,75.21,70.21,4.573699771491322e-07,3.48234851381054e-05,6.964697664709801e-06,profit_target,1
2020-11-02,2020-11-04,76.64,71.64,7.025305210215279e-07,3.681476769785531e-05,7.362954574111125e-06,profit_target,2
2020-11-03,2020-11-04,75.97,70.97,7.771657778321715e-07,4.967870570502934e-05,9.935742685349708e-06,profit_target,1
2020-11-04,2020-11-06,76.53,71.53,7.515973778890448e-07,4.699351448773663e-05,9.39870431035563e-06,profit_target,2
2020-11-05,2020-11-07,76.45,71.45,7.7702145945058e-07,7.017020384718302e-05,1.4034042950387113e-05,profit_target,2
2020-11-06,2020-11-07,76.57,71.57,7.350995590885655e-07,5.9262155665201415e-05,1.1852432875583918e-05,profit_target,1
2020-11-07,2020-11-08,78.4,73.4,1.2211288072551001e-06,0.00010773505535166663,2.1547016332669797e-05,profit_target,1
2020-11-08,2020-11-09,79.2,74.2,4.93759755675092e-07,4.488053515458911e-05,8.976107917325993e-06,profit_target,1
2020-11-09,2020-11-10,80.36,75.36,2.355895009939478e-07,2.3433470339517493e-05,4.686694288730692e-06,profit_target,1
2020-11-10,2020-11-11,82.53,77.53,2.6605485001315877e-08,2.660429725628046e-06,5.320859479568901e-07,profit_target,1
2020-11-11,2020-11-12,82.88,77.88,4.833325520043137e-12,3.9779461909148275e-10,7.955892381837345e-11,profit_target,1
2020-11-12,2020-11-14,83.29,78.29,3.887654014347982e-12,3.0177400427629543e-10,6.035480085530602e-11,profit_target,2
2020-11-13,2020-11-14,82.63,77.63,7.486933720240876e-12,6.778276448090054e-10,1.3556552896200408e-10,profit_target,1
2020-11-14,2020-11-15,83.83,78.83,1.1006474209902142e-11,5.718571312467413e-10,1.1437142624960003e-10,profit_target,1
2020-11-15,2020-11-16,83.5,78.5,6.986096645666246e-12,5.923187465013565e-10,1.184637493004368e-10,profit_target,1
2020-11-16,2020-11-17,84.01,79.01,5.553158964946194e-12,5.156722736397073e-10,1.03134454728056e-10,profit_target,1
2020-11-17,2020-11-18,85.14,80.14,5.713115077156691e-12,-2.424655750159688e-09,-4.849311500324918e-10,stop_loss,1
2020-11-18,2020-11-20,83.9,78.9,9.759272701284247e-12,-1.311486278437654e-07,-2.622972556880428e-08,stop_loss,2
2020-11-19,2020-11-20,87.9,82.9,5.279880158995948e-09,-1.5482010770789915e-05,-3.096402157427709e-06,stop_loss,1
2020-11-20,2020-11-21,86.04,81.04,4.3178996408581706e-08,-1.9927452113402025e-05,-3.9854904570983005e-06,stop_loss,1
2020-11-21,2020-11-22,84.28,79.28,7.229198798626531e-08,6.495691515690883e-06,1.299138321921635e-06,profit_target,1
2020-11-22,2020-11-23,86.28,81.28,9.414770232634719e-08,6.62959589832818e-06,1.3259192046320853e-06,profit_target,1
2020-11-23,2020-11-24,87.0,82.0,9.446517462060066e-08,8.286170694987282e-06,1.6572341703076397e-06,profit_target,1
2020-11-24,2020-11-25,88.86,83.86,1.1780944785740056e-07,8.194229444627387e-06,1.6388459275397842e-06,profit_target,1
2020-11-25,2020-11-26,89.59,84.59,1.1851772069082072e-07,1.1298406459088322e-05,2.2596813453801206e-06,profit_target,1
2020-11-26,2020-11-27,89.95,84.95,1.4343757386513182e-08,-3.516631980127578e-05,-7.033263980431842e-06,stop_loss,1
2020-11-27,2020-11-28,88.01,83.01,1.0195025651658459e-07,6.799178596476196e-06,1.3598357470223598e-06,profit_target,1
2020-11-28,2020-11-30,88.07,83.07,6.092458172826076e-08,5.3602706674225345e-06,1.0720541465473971e-06,profit_target,2
2020-11-29,2020-11-30,87.94,82.94,6.590173096910525e-08,5.425130629164583e-06,1.0850261401339366e-06,profit_target,1
2020-11-30,2020-12-02,89.45,84.45,8.579056377052846e-08,-2.1339468860630168e-05,-4.267893845355038e-06,stop_loss,2
2020-12-02,2020-12-03,87.68,82.68,1.6023108428440424e-07,1.1107198771368884e-05,2.221439825462519e-06,profit_target,1
2020-12-01,2020-12-04,88.88,83.88,1.1816433863157919e-07,6.046111499488703e-06,1.209222328475132e-06,profit_target,3
2020-12-03,2020-12-05,87.98,82.98,1.088500040079701e-07,7.675763948978882e-06,1.5351528232160546e-06,profit_target,2
2020-12-04,2020-12-05,87.93,82.93,1.1356154195916851e-07,6.067367961959105e-06,1.2134736199526082e-06,profit_target,1
2020-12-05,2020-12-06,88.14,83.14,1.0741172989163048e-07,-0.00016749652221915775,-3.349930516347522e-05,stop_loss,1
2020-12-06,2020-12-07,86.07,81.07,4.900048455093678e-07,4.2573725150084206e-05,8.514745864470187e-06,profit_target,1
2020-12-30,2021-01-01,88.6,83.6,1.5070402891012854e-08,1.1759584271930419e-06,2.3519168614749507e-07,profit_target,2
2020-12-31,2021-01-01,87.93,82.93,1.5696162914376867e-08,1.2750499453225128e-06,2.5500998986503824e-07,profit_target,1
2021-01-01,2021-01-02,88.62,83.62,1.1196138236736543e-08,5.715297045487543e-07,1.143059411657079e-07,profit_target,1
2021-01-03,2021-01-04,88.66,83.66,1.095330008872628e-08,-2.427536626680993e-06,-4.8550732639978e-07,stop_loss,1
2021-01-02,2021-01-05,88.72,83.72,1.0899683711071705e-08,9.53405612847095e-07,1.906811229850918e-07,profit_target,3
2021-01-04,2021-01-05,87.47,82.47,1.7887207815190874e-08,1.670884887073387e-06,3.34176978610176e-07,profit_target,1
2021-01-05,2021-01-06,87.85,82.85,3.4030820130469937e-09,2.8820702682175295e-07,5.7641405403582274e-08,profit_target,1
2021-01-06,2021-01-07,89.26,84.26,4.8682413968163044e-09,3.7510421518103816e-07,7.502084310925155e-08,profit_target,1
2021-01-07,2021-01-08,90.74,85.74,1.0110644168422992e-08,8.078961187663296e-07,1.6157922407999992e-07,profit_target,1
2021-01-08,2021-01-11,92.37,87.37,1.943962871809627e-08,1.8472698698449083e-06,3.6945397540539133e-07,profit_target,3
2021-01-09,2021-01-11,96.73,91.73,6.971160184066736e-07,5.9637434642227955e-05,1.1927488591414261e-05,profit_target,2
2021-01-10,2021-01-11,95.48,90.48,1.0678122679374201e-06,0.00010081560111744171,2.016312452957469e-05,profit_target,1
2021-01-11,2021-01-12,97.16,92.16,3.8160047549756876e-07,3.698973032274272e-05,7.397946629160534e-06,profit_target,1
2021-01-12,2021-01-13,97.63,92.63,3.1490113410624797e-08,2.5046325910438237e-06,5.009265213636112e-07,profit_target,1
2021-01-13,2021-01-15,101.51,96.51,2.709983855509874e-07,-0.0005335139391564067,-0.00010670279361453831,stop_loss,2
2021-01-14,2021-01-15,100.77,95.77,2.596671400350431e-07,-0.0004835675757449381,-9.671352017165226e-05,stop_loss,1
2021-01-15,2021-01-17,98.31,93.31,1.433215405416688e-06,-0.0041411765520106,-0.0008282355478101093,stop_loss,2
2021-01-16,2021-01-17,97.64,92.64,1.0261134150566247e-06,-0.003923820905162859,-0.0007847643420840156,stop_loss,1
2021-01-17,2021-01-20,94.34,89.34,7.614609027436794e-06,0.0004803394062226974,9.606802754863345e-05,profit_target,3
2021-01-18,2021-01-20,93.03,88.03,1.030885707712105e-05,0.0008596996895557534,0.00017194029241273076,profit_target,2
2021-01-19,2021-01-20,92.39,87.39,1.037248334760682e-05,0.000870358748940822,0.0001740721109001787,profit_target,1
2021-01-20,2021-01-22,93.4,88.4,4.9983629415063135e-06,0.0004346557424679329,8.693123539635967e-05,profit_target,2
2021-01-21,2021-01-22,93.51,88.51,4.801014848810636e-06,0.000368930515515391,7.378617395278156e-05,profit_target,1
2021-01-22,2021-01-23,96.92,91.92,1.4327996061024548e-05,0.0009379495281312813,0.00018759044318528248,profit_target,1
2021-01-23,2021-01-26,98.19,93.19,1.53221700432306e-05,0.0012137859949528642,0.00024275794290626895,profit_target,3
2021-01-24,2021-01-26,97.52,92.52,1.3271102644935461e-05,0.0010159768361836963,0.00020319590656348586,profit_target,2
2021-01-25,2021-01-26,96.15,91.15,1.896007620726431e-05,0.0017079965019114016,0.00034160059573694584,profit_target,1
2021-01-27,2021-01-28,95.55,90.55,8.38632599454202e-06,0.0006275241918389467,0.00012550504887304012,profit_target,1
2021-01-26,2021-01-29,97.15,92.15,5.413952271098141e-06,0.00044443080065965235,8.888625637712038e-05,profit_target,3
2021-01-28,2021-01-29,98.6,93.6,1.9396154625202543e-05,0.0013614587455659504,0.00027229280539986143,profit_target,1
2021-01-29,2021-01-31,100.26,95.26,2.1515652513384403e-05,-0.010652592588234162,-0.0021305276855855025,stop_loss,2
2021-01-30,2021-01-31,100.01,95.01,1.9479069167225415e-05,-0.013215041862000112,-0.0026430186691087155,stop_loss,1
2021-01-31,2021-02-01,97.19,92.19,4.907213879911773e-05,0.003506227190214292,0.0007012523204330986,profit_target,1
2021-02-01,2021-02-03,99.93,94.93,8.002266649755388e-05,0.00643709145748098,0.0012874388963548839,profit_target,2
2021-02-02,2021-02-03,100.0,95.0,7.923177887172821e-05,0.005597943162040306,0.0011196063740889922,profit_target,1
2021-02-03,2021-02-04,101.46,96.46,6.729070879437314e-05,-0.027715921087865743,-0.005543258819536149,stop_loss,1
2021-02-04,2021-02-07,98.77,93.77,0.00013454070270604347,0.009075398246415858,0.0018151284910157082,profit_target,3
2021-02-05,2021-02-07,97.68,92.68,0.00013925011715023021,0.01042682785768033,0.0020854236506335972,profit_target,2
2021-02-06,2021-02-08,98.17,93.17,0.00012337002263864967,0.011353065233769758,0.0022706690732529457,profit_target,2
2021-02-07,2021-02-08,98.62,93.62,0.00010518905230924542,0.008668461941328627,0.0017337288621249191,profit_target,1
2021-02-23,2021-02-24,103.59,98.59,5.811707952461671e-07,4.941967059770149e-05,9.883935268391201e-06,profit_target,1
2021-02-24,2021-02-25,106.59,101.59,1.1438658839927093e-06,8.452337992262e-05,1.6904679851861313e-05,profit_target,1
2021-02-25,2021-02-27,110.57,105.57,5.2283924338501235e-06,0.0005043984074223535,0.00010087978697229368,profit_target,2
2021-02-26,2021-02-27,110.15,105.15,3.12445979723031e-06,0.0002894997854662443,5.789999327448911e-05,profit_target,1
2021-02-27,2021-02-28,112.6,107.6,1.724607451078317e-06,0.00011520235192700201,2.3040478332556523e-05,profit_target,1
2021-02-28,2021-03-01,113.29,108.29,1.3729398080662858e-06,0.00010820933530192738,2.164187300298327e-05,profit_target,1
2021-03-01,2021-03-02,116.99,111.99,3.958406530245558e-06,0.0002430040270619814,4.860084388877585e-05,profit_target,1
2021-03-02,2021-03-03,115.67,110.67,1.0502688367340226e-06,8.395268513395961e-05,1.679054055370822e-05,profit_target,1
2021-03-03,2021-03-04,116.06,111.06,4.384306164169323e-07,3.5777350176694384e-05,7.155470662774359e-06,profit_target,1
2021-03-04,2021-03-05,118.99,113.99,8.531161354229055e-07,-0.0029969363363359825,-0.0005993873695366037,stop_loss,1
2021-03-05,2021-03-07,115.13,110.13,6.017628653215774e-06,-0.015386706565001546,-0.003077345016664219,stop_loss,2
2021-03-06,2021-03-07,113.22,108.22,2.9354152765426964e-06,-0.008588350679948786,-0.001717671144405381,stop_loss,1
2021-03-07,2021-03-09,109.14,104.14,1.6303579357976127e-05,0.0011075937509882692,0.00022151947250971375,profit_target,2
2021-03-08,2021-03-09,108.52,103.52,1.7730529925164684e-05,0.0012192319182142506,0.00024384724835103695,profit_target,1
2021-03-09,2021-03-10,110.47,105.47,2.209056943092498e-05,0.0016932053938541892,0.0003386425749323006,profit_target,1
2021-03-10,2021-03-12,114.09,109.09,4.304583410900733e-05,0.003781266142770972,0.0007562597393204508,profit_target,2
2021-03-11,2021-03-12,113.69,108.69,4.5156047956214764e-05,0.003878014727995504,0.0007756099502951231,profit_target,1
2021-03-12,2021-03-13,117.54,112.54,5.4073199470385436e-05,-0.03420544238468652,-0.006841162461645784,stop_loss,1
2021-03-13,2021-03-14,114.1,109.1,0.00013551771675965926,-0.05457952022540634,-0.010916199912778842,stop_loss,1
2021-03-14,2021-03-16,110.89,105.89,0.00026489423280536104,0.020309554824454745,0.004062126171650108,profit_target,2
2021-03-15,2021-03-16,111.42,106.42,0.00022463049487757704,0.01188023628297041,0.002376154007924223,profit_target,1
2021-03-16,2021-03-18,112.69,107.69,0.00023285230013660868,-0.10249034333654691,-0.020499023316255333,stop_loss,2
2021-03-17,2021-03-18,112.37,107.37,0.00020047908395174566,-0.12078103470064627,-0.02415717554181395,stop_loss,1
2021-03-18,2021-03-19,108.17,103.17,0.00039622673675709236,0.01244378257228547,0.0024889537524617495,trend_reversal,1
2021-08-27,2021-08-28,95.76,90.76,1.9376523859961038e-05,0.0018851147412268468,0.00037702440932986205,profit_target,1
2021-08-28,2021-08-30,98.97,93.97,6.652795059889408e-06,-0.0038124326835602632,-0.0007624875512467355,stop_loss,2
2021-08-29,2021-08-30,97.9,92.9,8.590219584023826e-06,-0.0025468053370998477,-0.0005093619425261564,stop_loss,1
2021-08-30,2021-09-01,95.9,90.9,1.4981555005554641e-05,0.001123471174792295,0.00022469490821428435,profit_target,2
2021-08-31,2021-09-01,93.15,88.15,1.1176578681026613e-05,0.0010306198838121576,0.0002061244375156303,profit_target,1
2021-09-01,2021-09-02,95.85,90.85,7.897964802145449e-06,0.00040718435099172326,8.143699883565473e-05,profit_target,1
2021-09-02,2021-09-04,96.4,91.4,7.96135944343816e-06,0.0006109715543559957,0.00012219450543807508,profit_target,2
2021-09-03,2021-09-04,96.02,91.02,7.198991651826922e-06,0.0005007678561525881,0.00010015371543166988,profit_target,1
2021-09-04,2021-09-06,96.88,91.88,5.721738095666151e-06,0.00045099806848555656,9.019971691694262e-05,profit_target,2
2021-09-05,2021-09-06,95.22,90.22,1.6729444981586158e-06,0.0001059571579625044,2.1191438682921028e-05,profit_target,1
2021-09-06,2021-09-08,99.13,94.13,1.1209675318975817e-05,0.0008620922782040423,0.00017241884219265644,profit_target,2
2021-09-07,2021-09-08,99.42,94.42,1.1232867047461968e-05,0.0006540006351082772,0.00013080042087440294,profit_target,1
2021-09-08,2021-09-09,100.13,95.13,1.0477746081095092e-05,0.000883713476454223,0.00017674306566463731,profit_target,1
2021-09-09,2021-09-10,101.36,96.36,5.358189504536851e-06,0.0004310872063677366,8.621753366752413e-05,profit_target,1
2021-09-10,2021-09-11,102.32,97.32,2.9873433318073367e-06,0.00021372446029865104,4.274491759847912e-05,profit_target,1
2021-09-12,2021-09-13,101.31,96.31,2.075316172114961e-06,0.00013193661778183318,2.6387334508779048e-05,profit_target,1
2021-09-11,2021-09-14,102.52,97.52,1.4998684563073838e-06,0.00012128251338270013,2.4256509952854856e-05,profit_target,3
2021-09-13,2021-09-14,101.98,96.98,1.8335441229449903e-06,0.00012984184193898476,2.596837791063029e-05,profit_target,1
2021-09-14,2021-09-15,106.2,101.2,1.0306003342130811e-05,0.0008086923456288517,0.00016173880250189816,profit_target,1
2021-09-15,2021-09-16,108.91,103.91,1.4727590629832589e-05,0.001104538152050946,0.00022090828109953538,profit_target,1
2021-09-17,2021-09-18,110.48,105.48,1.542894585148176e-05,-0.003576139770484697,-0.000715230161146425,stop_loss,1
2021-09-18,2021-09-20,108.38,103.38,2.5134727442851934e-05,0.0019795722837373944,0.000395916446997876,profit_target,2
2021-09-19,2021-09-20,108.49,103.49,2.199848468684211e-05,0.0013598604842581402,0.00027197329345169427,profit_target,1
2021-09-16,2021-09-21,111.12,106.12,1.7396782406416816e-05,0.0014812491880063883,0.0002962508683636566,profit_target,5
2021-09-20,2021-09-21,108.86,103.86,1.4722492111401392e-05,0.0010702060851939333,0.00021404184728466825,profit_target,1
2021-09-21,2021-09-22,110.61,105.61,1.501793411626252e-05,-0.01227643531653196,-0.0024552944379964132,stop_loss,1
2021-09-22,2021-09-23,107.52,102.52,4.440865332488829e-05,0.0038733889045704318,0.0007746846614545995,profit_target,1
2021-09-23,2021-09-25,110.56,105.56,3.7650588137675165e-05,0.002523873344069389,0.0005047784698551317,profit_target,2
2021-09-25,2021-09-26,109.9,104.9,1.80453683328582e-05,-0.004949588943356731,-0.0009899213613704634,stop_loss,1
2021-09-24,2021-09-27,110.73,105.73,3.362854125628264e-05,-0.016627646264493385,-0.003325551619588645,stop_loss,3
2021-09-27,2021-09-28,104.9,99.9,2.9850384700446934e-05,0.0020087771522871124,0.00040175782898257284,profit_target,1
2021-09-26,2021-09-29,107.69,102.69,3.1769023042173164e-05,0.0021835336640880897,0.0004367095075844998,profit_target,3
2021-09-28,2021-09-29,106.27,101.27,2.8473960616698054e-05,0.0018762110582461909,0.00037524434858779887,profit_target,1
2021-09-29,2021-10-01,106.56,101.56,1.6266245553836884e-05,-0.0025443967957137917,-0.0005088810146594668,trend_reversal,2
2021-09-30,2021-10-01,104.85,99.85,7.480177240746588e-06,-0.001539591340590228,-0.000307918728775379,stop_loss,1
2021-10-20,2021-10-22,104.68,99.68,0.0006752967234144617,0.03655477911654753,0.007311943369589361,profit_target,2
2021-10-21,2021-10-24,105.18,100.18,0.0005981388714631436,0.033958993423428105,0.006792611269653445,profit_target,3
2021-10-22,2021-10-27,104.18,99.18,0.00042782951668899043,0.0238450605616641,0.004769420212081664,profit_target,5
2021-10-23,2021-10-28,103.0,98.0,0.0002767302885445912,0.0180465496139531,0.003609509694922496,profit_target,5
2021-10-25,2021-10-28,101.95,96.95,0.00029670406900442897,0.01839715073302574,0.003679648499941635,profit_target,3
2021-10-26,2021-10-28,101.02,96.02,0.00025165628962717864,0.015237361313255478,0.0030476256534839215,profit_target,2
2021-10-24,2021-10-29,103.41,98.41,0.0002813981037889505,0.02284829679521143,0.0045699165522127385,profit_target,5
2021-10-27,2021-10-29,100.71,95.71,0.00017297494105969838,0.013152486771348237,0.0026305883594429326,profit_target,2
2021-10-28,2021-10-29,100.65,95.65,0.00015053424279405008,0.009450063420607974,0.0018900695881604512,profit_target,1
2021-10-29,2021-10-30,103.42,98.42,0.0002532375789774924,-0.24168812385128113,-0.04834007307487084,stop_loss,1
2021-10-30,2021-10-31,98.79,93.79,0.0006148716315476305,0.03952955957660291,0.007906884259085551,profit_target,1
2021-10-31,2021-11-01,100.6,95.6,0.000586597123891371,0.037348990354161136,0.0074706745260703315,profit_target,1
2021-11-01,2021-11-04,103.02,98.02,0.0007009696016025335,-0.08269745397640306,-0.016541809856453583,trend_reversal,3
2021-11-02,2021-11-04,99.64,94.64,0.000572732165380182,0.006590515974395049,0.0013182541961950715,trend_reversal,2
2021-11-03,2021-11-04,98.64,93.64,0.0005858177832667811,0.01541942616248783,0.0030842465937980915,trend_reversal,1
2022-02-10,2022-02-11,101.18,96.18,0.0002528274508525742,0.013775696680848987,0.002755278658185705,profit_target,1
2022-02-11,2022-02-12,101.64,96.64,0.0001874842487268023,0.012189149130623435,0.0024379212404911327,profit_target,1
2022-02-12,2022-02-13,103.95,98.95,0.00024017194475318407,0.012911169762921178,0.0025823579945725567,profit_target,1
2022-02-13,2022-02-14,104.91,99.91,0.00022186486998831468,-0.06872204890356916,-0.01374501968811505,stop_loss,1
2022-02-14,2022-02-17,101.85,96.85,0.00035100308943159376,0.019551553357354326,0.00391058519696799,profit_target,3
2022-02-15,2022-02-17,100.94,95.94,0.00037298488112074866,0.02328930523010775,0.00465820853429283,profit_target,2
2022-02-16,2022-02-17,100.51,95.51,0.00031629804310851937,0.016106825761431694,0.003221568947477104,profit_target,1
2022-02-17,2022-02-18,101.39,96.39,0.00029650460584878667,0.01777245803119388,0.00355470240336578,profit_target,1
2022-02-18,2022-02-21,101.88,96.88,0.00019563993895227287,0.014621208730856334,0.002924356170343795,profit_target,3
2022-02-19,2022-02-21,101.62,96.62,0.00014962380088670948,0.008903122359360485,0.001780677758226965,profit_target,2
2022-02-20,2022-02-21,99.54,94.54,8.481660944474243e-05,0.0055615393362213016,0.001112326736000729,profit_target,1
2022-02-21,2022-02-22,100.83,95.83,7.659864866574296e-05,0.00512029844366132,0.0010240753772902704,profit_target,1
2022-02-22,2022-02-24,102.37,97.37,7.52114245109315e-05,0.007470605447512764,0.0014941435648357399,profit_target,2
2022-02-23,2022-02-24,102.17,97.17,6.068261758865903e-05,0.005997834360151549,0.001199581430778556,profit_target,1
2022-02-24,2022-02-25,104.15,99.15,3.83735560931711e-06,0.00030193804633822684,6.038765561342717e-05,profit_target,1
2022-02-25,2022-02-27,107.1,102.1,7.309086776927709e-06,0.00044381945667257077,8.876402109130071e-05,profit_target,2
2022-02-26,2022-02-28,107.53,102.53,7.2152601998382224e-06,-0.0035164689665066386,-0.0007032948081923354,stop_loss,2
2022-02-27,2022-02-28,107.01,102.01,6.0456916703959126e-06,-0.003897993896111545,-0.0007795997218662178,stop_loss,1
2022-02-28,2022-03-02,104.4,99.4,1.5826868848272307e-05,0.0012348584145367588,0.0002469724646675132,profit_target,2
2022-03-01,2022-03-02,104.15,99.15,1.314283107155158e-05,0.0008630868287632363,0.00017261781949001558,profit_target,1
2022-03-02,2022-03-03,105.53,100.53,1.4255389884941584e-05,0.0013998825631619137,0.0002799773108695278,profit_target,1
2022-03-03,2022-03-04,106.22,101.22,6.629579284375756e-07,-0.00022838694891130925,-4.567739583870019e-05,stop_loss,1
2022-03-04,2022-03-05,104.07,99.07,1.0768641101272814e-06,-0.0004223436818741528,-8.44687545671046e-05,stop_loss,1
2022-03-05,2022-03-06,101.45,96.45,1.4100550280969113e-06,0.0001222058370211261,2.444117429690536e-05,profit_target,1
2022-03-06,2022-03-07,103.84,98.84,1.564746052387256e-06,1.8365508577237044e-05,3.673102864942051e-06,trend_reversal,1
2022-03-13,2022-03-16,106.82,101.82,7.099324850900876e-08,6.3547816510397175e-06,1.2709563482538075e-06,profit_target,3
2022-03-14,2022-03-16,105.62,100.62,3.3414027042791346e-08,2.9034485460199537e-06,5.806897130846271e-07,profit_target,2
2022-03-15,2022-03-16,104.95,99.95,3.029388507239924e-08,2.6032575374171635e-06,5.206515106379442e-07,profit_target,1
2022-03-16,2022-03-17,103.9,98.9,2.836285927950704e-09,2.2967400397279014e-07,4.593480082061487e-08,profit_target,1
2022-03-25,2022-03-26,109.2,104.2,2.6794212310124863e-07,-0.0002327839441477365,-4.65567913244524e-05,stop_loss,1
2022-03-26,2022-03-27,106.39,101.39,6.083779630038783e-07,5.475194600977932e-05,1.0950390534351121e-05,profit_target,1
2022-03-27,2022-03-28,106.81,101.81,1.401534480262849e-07,1.0213412349089214e-05,2.0426825270756428e-06,profit_target,1
2022-03-28,2022-03-30,109.04,104.04,3.272436126873175e-07,3.182236153098778e-05,6.364472722744165e-06,profit_target,2
2022-03-29,2022-03-30,109.21,104.21,3.090049817758625e-07,2.9025605576586988e-05,5.805121474079689e-06,profit_target,1
2022-03-30,2022-04-01,110.78,105.78,1.0760129903235749e-07,6.223201049768041e-06,1.2446402367385894e-06,profit_target,2
2022-03-31,2022-04-01,109.57,104.57,1.4731341325687736e-07,1.1526141095242257e-05,2.305228286966661e-06,profit_target,1
2022-04-01,2022-04-02,112.85,107.85,5.301232902828643e-07,3.304626616606898e-05,6.6092539339576835e-06,profit_target,1
2022-04-02,2022-04-03,117.47,112.47,4.641746659663841e-06,0.0002734270265098639,5.4685456069179386e-05,profit_target,1
2022-04-03,2022-04-04,117.03,112.03,2.2401971341713752e-06,0.00017604573847047054,3.520916346918753e-05,profit_target,1
2022-04-04,2022-04-05,116.61,111.61,5.791684594126286e-07,5.1865709779179176e-05,1.0373143157395303e-05,profit_target,1
2022-04-05,2022-04-06,119.17,114.17,5.334478077349132e-07,4.3760160127713756e-05,8.75203295929331e-06,profit_target,1
2022-04-06,2022-04-09,122.82,117.82,1.3992290939567733e-06,-0.00031344155832289857,-6.268832920764653e-05,stop_loss,3
2022-04-07,2022-04-10,121.77,116.77,1.526020496476052e-06,-0.0012699101047555547,-0.00025398209846748854,stop_loss,3
2022-04-08,2022-04-10,121.2,116.2,1.6058504561295757e-06,-0.0013834662070643252,-0.0002766933302784871,stop_loss,2
2022-04-09,2022-04-10,119.57,114.57,2.577688504307758e-06,-0.0007012275610209466,-0.0001402455845060755,stop_loss,1
2022-04-10,2022-04-12,117.33,112.33,4.240559941983846e-06,-0.0016620245629087945,-0.00033240519449858935,stop_loss,2
2022-04-11,2022-04-13,115.75,110.75,5.666667866719339e-06,-0.0029876502244470197,-0.0005975307220910323,stop_loss,2
2022-04-13,2022-04-15,112.0,107.0,1.0459300312412256e-05,0.0007824239198756061,0.00015648511132007595,profit_target,2
2022-04-14,2022-04-15,111.5,106.5,1.0046076624258328e-05,0.0007033235558139229,0.00014066499378904577,profit_target,1
2022-04-12,2022-04-16,114.09,109.09,7.995927188897051e-06,0.0006736340469261232,0.00013472702483872086,profit_target,4
2022-04-15,2022-04-16,112.91,107.91,9.576957818679443e-06,0.0007082644506935165,0.00014165316145997375,profit_target,1
2022-04-16,2022-04-17,115.73,110.73,1.590129245135806e-05,-0.0031869661644081297,-0.000637395259963313,stop_loss,1
2022-04-30,2022-05-01,119.29,114.29,7.784529769944003e-06,0.0004271425585394403,8.542864471225366e-05,profit_target,1
2022-04-28,2022-05-02,122.13,117.13,6.615882651554714e-06,0.0005567220367243361,0.00011134455467336873,profit_target,4
2022-04-29,2022-05-02,121.06,116.06,6.803643930555364e-06,0.00059520972147541,0.00011904210627910278,profit_target,3
2022-05-01,2022-05-02,118.45,113.45,3.2980255857463254e-06,0.0002895550215444783,5.7911042507315635e-05,profit_target,1
2022-05-02,2022-05-03,117.29,112.29,3.0018070120101615e-07,2.1549336503280925e-05,4.309867559403998e-06,profit_target,1
2022-05-03,2022-05-04,120.24,115.24,8.848333788493459e-07,6.553963383881983e-05,1.3107929087430603e-05,profit_target,1
2022-05-04,2022-05-07,123.15,118.15,1.964284420513732e-06,0.00016530256942448804,3.306052687295318e-05,profit_target,3
2022-05-05,2022-05-07,121.99,116.99,1.2203076095262802e-06,9.757348373242148e-05,1.9514701509272045e-05,profit_target,2
2022-05-06,2022-05-07,120.0,115.0,3.890211573299151e-07,2.787342937372792e-05,5.574686308479767e-06,profit_target,1
2022-05-08,2022-05-09,120.07,115.07,6.010838718698017e-07,4.403157736701029e-05,8.806316532069026e-06,profit_target,1
2022-05-07,2022-05-10,121.55,116.55,4.827668183617286e-07,4.4999603681746485e-05,8.999921605322e-06,profit_target,3
2022-05-09,2022-05-10,121.07,116.07,4.901357762229104e-07,4.181143196073053e-05,8.362287211877332e-06,profit_target,1
2022-05-10,2022-05-11,122.37,117.37,2.789515408052005e-07,-0.0004355180319502781,-8.710361124959293e-05,stop_loss,1
2022-05-11,2022-05-12,118.91,113.91,9.411082646788919e-07,7.806918564360958e-05,1.5613840067584704e-05,profit_target,1
2022-05-12,2022-05-13,121.93,116.93,1.5560076973084948e-06,0.00013605321711695673,2.7210651891388105e-05,profit_target,1
2022-05-13,2022-05-16,126.0,121.0,2.9948341899764663e-06,0.0002142078151984059,4.28415887003721e-05,profit_target,3
2022-05-14,2022-05-16,124.95,119.95,3.318310486042236e-06,0.0002574881083109719,5.1497655839236656e-05,profit_target,2
2022-05-15,2022-05-16,124.21,119.21,3.3367050241374237e-06,0.00025681394796064243,5.136282386864698e-05,profit_target,1
2022-05-16,2022-05-17,124.83,119.83,1.683195996603658e-06,0.00013898572266325766,2.779715389026316e-05,profit_target,1
2022-05-17,2022-05-18,125.69,120.69,7.757560849399154e-07,6.601052192388863e-05,1.3202106433100606e-05,profit_target,1
2022-05-18,2022-05-19,127.74,122.74,6.421896750305134e-07,4.800377765288786e-05,9.600756763678946e-06,profit_target,1
2022-05-19,2022-05-22,132.28,127.28,2.928791597532508e-06,-0.006307879229917337,-0.0012615765849624476,stop_loss,3
2022-05-20,2022-05-22,131.62,126.62,3.1337087900790096e-06,-0.006603750492292594,-0.001320750926228276,stop_loss,2
2022-05-21,2022-05-22,130.08,125.08000000000001,4.306493001529275e-06,-0.004517783053325034,-0.000903557388897721,stop_loss,1
2022-05-22,2022-05-25,126.28,121.28,1.2774064898105563e-05,0.0010584128887365148,0.00021168311855808184,profit_target,3
2022-05-23,2022-05-25,125.19,120.19,1.4104438801680347e-05,0.001212128774303242,0.00024242643871842215,profit_target,2
2022-05-24,2022-05-25,125.68,120.68,1.4174145022247917e-05,0.0010321923707751423,0.0002064390593744616,profit_target,1
2022-05-25,2022-05-27,129.15,124.15,2.6560023789601816e-05,0.002429277998469687,0.00048585818057490424,profit_target,2
2022-05-26,2022-05-27,127.8,122.8,3.050949712164939e-05,0.0028798367707791725,0.0005759708686721465,profit_target,1
2022-05-27,2022-05-29,128.45,123.44999999999999,3.6112883809684816e-06,0.0003150109313612524,6.3002231776096e-05,profit_target,2
2022-05-28,2022-05-29,128.33,123.33000000000001,3.1005563691057385e-06,0.000240630462711953,4.812612238594166e-05,profit_target,1
2022-05-29,2022-05-30,131.3,126.30000000000001,4.814838611155936e-06,0.0003580667029196741,7.161340954533668e-05,profit_target,1
2022-05-30,2022-06-02,137.64,132.64,2.862021512602472e-05,0.0022548710099706396,0.0004509767834046395,profit_target,3
2022-05-31,2022-06-02,136.04,131.04,3.211502016967115e-05,0.002760963298385201,0.0005521962064355017,profit_target,2
2022-06-01,2022-06-02,135.42,130.42,2.8503650804226355e-05,0.0023370674684743548,0.00046741615830826224,profit_target,1
2022-06-02,2022-06-03,138.44,133.44,2.6135839819413386e-05,0.0018531663033503516,0.0003706351980425038,profit_target,1
2022-06-03,2022-06-04,139.66,134.66,1.824000632501564e-05,0.001440503995705349,0.00028810185013698357,profit_target,1
2022-06-04,2022-06-05,145.39,140.39,5.028778735471093e-05,0.0036724317763702262,0.0007344937424870724,profit_target,1
2022-06-05,2022-06-07,146.72,141.72,3.178834719825955e-05,0.0022172536300431272,0.0004434535453396786,profit_target,2
2022-06-06,2022-06-07,146.11,141.11,3.389145103341459e-05,0.0022873415403187702,0.0004574714089377251,profit_target,1
2022-06-07,2022-06-08,147.24,142.24,2.4314453164329952e-05,0.0018492610213801442,0.0003698540028355948,profit_target,1
2022-06-08,2022-06-09,150.9,145.9,3.326952306393179e-05,0.002057349537407147,0.00041147264538116254,profit_target,1
2022-06-09,2022-06-10,152.62,147.62,3.366148103350501e-05,0.003145476721519572,0.0006290995795886277,profit_target,1
2022-06-10,2022-06-11,154.88,149.88,8.294021509040086e-06,0.0006933074877295648,0.00013866172755858314,profit_target,1
2022-06-11,2022-06-12,157.79,152.79,6.7970441774485335e-06,0.0006222413613043039,0.00012444844143717163,profit_target,1
2022-06-12,2022-06-13,161.44,156.44,4.138208444983062e-06,0.0003627299840654887,7.254605685523877e-05,profit_target,1
2022-06-13,2022-06-14,165.07,160.07,3.599956368334221e-06,0.00029293344281073523,5.858673074408193e-05,profit_target,1
2022-06-14,2022-06-16,167.29,162.29,2.6127392445495415e-06,0.0001413218516677019,2.826438510303402e-05,profit_target,2
2022-06-15,2022-06-17,167.49,162.49,2.828184555589697e-06,0.00025343613273703594,5.068725521798966e-05,profit_target,2
2022-06-16,2022-06-17,167.56,162.56,3.1569915903408043e-06,0.00026621904845929516,5.3243843309932145e-05,profit_target,1
2022-06-18,2022-06-19,168.95,163.95,4.466555204382571e-06,0.0003442247834663397,6.88450181932828e-05,profit_target,1
2022-06-17,2022-06-21,171.92,166.92,4.334932519822025e-06,0.00042684750007159253,8.536957402858705e-05,profit_target,4
2022-06-19,2022-06-21,171.04,166.04,3.5874950486916335e-06,0.0003455412819270912,6.910830597055934e-05,profit_target,2
2022-06-20,2022-06-21,169.28,164.28,3.26981470029842e-06,0.000317533092390249,6.35066600090519e-05,profit_target,1
2022-06-21,2022-06-22,170.17,165.17,2.3909948015432875e-07,2.2684919259247778e-05,4.536984068807662e-06,profit_target,1
2022-06-22,2022-06-24,174.34,169.34,1.6618070483055274e-07,1.4599676982965531e-05,2.9199354936404942e-06,profit_target,2
2022-06-23,2022-06-24,174.66,169.66,1.7905111746050887e-07,1.3685272984660313e-05,2.737054694946603e-06,profit_target,1
2022-06-24,2022-06-25,175.44,170.44,1.0482143175492326e-07,-0.00018005300163476538,-3.601060108188963e-05,stop_loss,1
2022-06-25,2022-06-26,171.27,166.27,4.915130406314251e-07,3.834765811691993e-05,7.669532377319021e-06,profit_target,1
2022-06-26,2022-06-27,173.48,168.48,4.816705447340208e-07,3.9006768989786886e-05,7.801354549493917e-06,profit_target,1
2022-06-27,2022-06-28,175.53,170.53,3.8295588590533797e-07,3.4271859860423055e-05,6.854372497069069e-06,profit_target,1
2022-06-28,2022-06-29,182.38,177.38,1.2058184704930789e-06,0.0001148847829922802,2.297696213966511e-05,profit_target,1
2022-06-29,2022-06-30,182.36,177.36,9.537732288343702e-08,7.699446804536727e-06,1.539889390281451e-06,profit_target,1
2022-06-30,2022-07-01,182.61,177.61,3.6382862014381526e-08,3.1455620562206894e-06,6.2911241582192e-07,profit_target,1
2022-07-01,2022-07-02,184.21,179.21,2.0352165461371447e-08,1.9036594256025925e-06,3.8073188667026216e-07,profit_target,1
2022-07-02,2022-07-04,189.58,184.58,3.623814409391658e-08,3.581510189792247e-06,7.163020431499406e-07,profit_target,2
2022-07-03,2022-07-04,189.79,184.79,4.53768902669158e-08,4.441534679153047e-06,8.883069438923308e-07,profit_target,1
2022-07-04,2022-07-05,190.6,185.6,2.8693737123224127e-09,2.434280886451063e-07,4.8685617756960705e-08,profit_target,1
2022-07-05,2022-07-06,192.89,187.89,2.9818431201511465e-09,2.5703195216178446e-07,5.140639046301406e-08,profit_target,1
2022-07-06,2022-07-07,194.11,189.11,1.5933948409379228e-09,-3.5821845364056013e-07,-7.164369075094336e-08,stop_loss,1
2022-07-07,2022-07-08,192.63,187.63,4.3889208889782055e-09,3.7832821456309443e-07,7.566564297903698e-08,profit_target,1
2022-07-08,2022-07-09,193.5,188.5,1.9008196298625076e-09,1.7204241033046229e-07,3.440848207917332e-08,profit_target,1
2022-07-09,2022-07-10,197.53,192.53,3.2000018878297193e-09,-1.3643241806703271e-05,-2.72864836308699e-06,stop_loss,1
2022-07-10,2022-07-11,193.42,188.42,3.658797071869722e-08,2.9493956065218596e-06,5.89879125620868e-07,profit_target,1
2022-07-11,2022-07-13,194.89,189.89,2.5781013874569173e-08,2.22643323972535e-06,4.4528665024105823e-07,profit_target,2
2022-07-12,2022-07-13,192.6,187.6,3.0331402944696254e-08,2.8252492808390875e-06,5.650498595955685e-07,profit_target,1
2022-07-13,2022-07-14,196.42,191.42,2.4761086649513004e-08,-8.685841605279438e-05,-1.7371683296587226e-05,stop_loss,1
2022-07-15,2022-07-16,189.93,184.93,2.7296863799159163e-07,1.845015963724653e-05,3.6900321289019147e-06,profit_target,1
2022-07-14,2022-07-17,191.57,186.57,1.9534531681016977e-07,1.8843360291574653e-05,3.768672205553424e-06,profit_target,3
2022-07-16,2022-07-17,191.39,186.39,2.722560836823011e-07,2.5044430619373346e-05,5.008886396614629e-06,profit_target,1
2022-07-17,2022-07-18,197.23,192.23,4.2051846314647253e-07,3.432980187216791e-05,6.865960951886252e-06,profit_target,1
2022-07-18,2022-07-20,197.59,192.59,1.503953579295931e-07,1.1862477166666171e-05,2.3724955046956965e-06,profit_target,2
2022-07-19,2022-07-20,195.71,190.71,2.0903455117073273e-07,1.8397796656880933e-05,3.6795594852071997e-06,profit_target,1
2022-07-20,2022-07-21,201.81,196.81,4.94391812043226e-07,-0.00046850059814916746,-9.37001288947488e-05,stop_loss,1
2022-07-21,2022-07-22,197.49,192.49,1.7618374959806829e-06,-0.006181339867380592,-0.001236268409096926,stop_loss,1
2022-07-22,2022-07-23,190.28,185.28,1.0167426738111806e-05,0.0005622197732561764,0.00011244418330483446,profit_target,1
2022-07-23,2022-07-24,191.66,186.66,1.0413090022979817e-05,-0.00015508792884708208,-3.101765036733353e-05,trend_reversal,1
2022-08-16,2022-08-17,198.78,193.78,4.7000776087864415e-06,0.0002453642509145238,4.907289631218899e-05,profit_target,1
2022-08-17,2022-08-18,199.91,194.91,4.8929314852991246e-06,0.0003482733555961422,6.965473928240182e-05,profit_target,1
2022-08-18,2022-08-19,202.8,197.8,5.477551967313397e-06,0.000505660379103576,0.00010113218661207675,profit_target,1
2022-08-19,2022-08-20,208.03,203.03,3.7624349671867827e-06,0.0002754371501212718,5.508747147686015e-05,profit_target,1
2022-08-20,2022-08-21,208.26,203.26,1.685384488908151e-06,0.00016690577046243941,3.338116534450754e-05,profit_target,1
2022-08-21,2022-08-22,211.25,206.25,9.833758652362724e-08,5.22087914839362e-06,1.0441758502150707e-06,profit_target,1
2022-08-22,2022-08-23,211.73,206.73,9.533815767821038e-08,7.97087614008875e-06,1.5941752584148964e-06,profit_target,1
2022-08-23,2022-08-25,217.66,212.66,2.6813443400494603e-07,1.988533839616218e-05,3.977067892510206e-06,profit_target,2
2022-08-24,2022-08-25,214.87,209.87,2.1527471072466192e-07,1.735719187866193e-05,3.4714385251949707e-06,profit_target,1
2022-08-25,2022-08-26,221.67,216.67,7.83536076457531e-07,4.420985253008907e-05,8.841971891618607e-06,profit_target,1
2022-08-26,2022-08-27,222.75,217.75,7.850565348630728e-07,-0.001528286653620565,-0.0003056573787157776,stop_loss,1
2022-08-27,2022-08-28,216.45,211.45,3.694509289512061e-06,0.00032048482454908743,6.409701227121893e-05,profit_target,1
2022-08-28,2022-08-30,217.24,212.24,1.011158359699307e-06,6.864767634233698e-05,1.372953804501483e-05,profit_target,2
2022-08-29,2022-08-30,215.06,210.06,1.185977491458476e-06,9.382431482210215e-05,1.8764867415362504e-05,profit_target,1
2022-08-31,2022-09-01,216.42,211.42,2.242602553680206e-06,0.00012589360038383848,2.5178731369945148e-05,profit_target,1
2022-08-30,2022-09-02,218.99,213.99,1.4827203811178497e-06,-0.00360287105680455,-0.0007205744250429872,stop_loss,3
2022-09-01,2022-09-02,214.76,209.76,8.707220700078086e-07,-0.0021785501468502342,-0.0004357101052465278,stop_loss,1
2022-09-02,2022-09-03,207.82,202.82,4.0764726412845015e-06,0.00028499583165213997,5.69992128015743e-05,profit_target,1
2022-09-03,2022-09-04,206.21,201.21,1.0819897372624145e-06,-0.008748491101736233,-0.0017496985989784322,stop_loss,1
2022-09-04,2022-09-05,197.79,192.79,1.1162626240384798e-05,-0.014795062223095831,-0.0029590190507039066,stop_loss,1
2022-09-05,2022-09-06,191.36,186.36,3.864651578281504e-05,0.00253415437305047,0.0005068347920898523,profit_target,1
2022-10-06,2022-10-07,218.19,213.19,3.9888521540212206e-07,3.371467906894224e-05,6.742936351719972e-06,profit_target,1
2022-10-07,2022-10-08,223.67,218.67,7.03105926263222e-07,3.957506136094461e-05,7.915013385207486e-06,profit_target,1
2022-10-08,2022-10-09,224.71,219.71,6.994153216622523e-07,5.932301723157912e-05,1.1864605105973143e-05,profit_target,1
2022-10-09,2022-10-11,233.57,228.57,2.7330240849790698e-06,0.00017041374403018722,3.40827674358423e-05,profit_target,2
2022-10-10,2022-10-11,231.12,226.12,3.7440229236989465e-06,0.0002946565675373891,5.893135763554861e-05,profit_target,1
2022-10-11,2022-10-12,238.84,233.84,9.97188860902507e-06,0.0007726250564673543,0.00015452531947532546,profit_target,1
2022-10-12,2022-10-16,239.41,234.41,3.968616715247406e-06,0.00020567209808109439,4.113445226559384e-05,profit_target,4
2022-10-13,2022-10-16,236.67,231.67,3.954209809029711e-06,0.0002606487967466325,5.212980057576026e-05,profit_target,3
2022-10-14,2022-10-16,234.92,229.92,4.083032050407841e-06,0.00028135346567940793,5.627073908692783e-05,profit_target,2
2022-10-15,2022-10-16,234.01,229.01,4.1855133489123304e-06,0.000266679816807188,5.333600800915231e-05,profit_target,1
2022-10-16,2022-10-17,236.1,231.1,4.178930604397917e-06,0.0002705745736151493,5.4114959951562316e-05,profit_target,1
2022-10-17,2022-10-18,238.44,233.44,4.322956061479852e-06,0.0003960106353840839,7.920219555433906e-05,profit_target,1
2022-10-18,2022-10-19,236.05,231.05,2.621871690553241e-07,1.4984762457709962e-05,2.9969526486944984e-06,profit_target,1
2022-10-19,2022-10-20,236.49,231.49,2.1663605745264425e-07,1.8486129767751956e-05,3.697226113740889e-06,profit_target,1
2022-10-20,2022-10-21,246.27,241.27,1.1806175240092147e-06,0.00011321748684850306,2.2643502716363834e-05,profit_target,1
2022-10-21,2022-10-22,254.46,249.46,9.927495684667711e-07,7.798895653584898e-05,1.559779440411053e-05,profit_target,1
2022-10-22,2022-10-23,256.33,251.32999999999998,6.052292061835165e-07,5.271431919638969e-05,1.0542865115447914e-05,profit_target,1
2022-10-23,2022-10-25,256.83,251.82999999999998,1.540398607916212e-07,1.470993231901048e-05,2.941986554438736e-06,profit_target,2
2022-10-24,2022-10-25,257.47,252.47000000000003,1.691439356389157e-07,1.5300654944595925e-05,3.060131092439708e-06,profit_target,1
2022-10-25,2022-10-26,260.92,255.92000000000002,9.068726725727261e-08,-0.0001116300609449568,-2.2326012593928375e-05,stop_loss,1
2022-10-26,2022-10-27,256.14,251.14,4.631535636989634e-07,2.3816127853129383e-05,4.7632260118468966e-06,profit_target,1
2022-10-27,2022-10-28,255.73,250.73,3.219641326737829e-07,-0.0019269609009383752,-0.0003853922050041685,stop_loss,1
2022-10-28,2022-10-29,247.6,242.6,3.551517450003141e-06,0.00024157654895800586,4.831534411015872e-05,profit_target,1
2022-10-29,2022-10-30,250.15,245.15,3.490583252897987e-06,0.00028781304403719424,5.756264899288256e-05,profit_target,1
2022-10-30,2022-11-01,253.58,248.58,2.4782443949076984e-06,0.00018124142968048695,3.6248303902528586e-05,profit_target,2
2022-10-31,2022-11-01,251.61,246.61,3.166985509905592e-06,0.0002544795123728416,5.0895934711905864e-05,profit_target,1
2022-11-01,2022-11-02,259.99,254.99,8.11877900611178e-06,-0.004949042829422453,-0.0009898101730945014,stop_loss,1
2022-11-02,2022-11-03,253.78,248.78,2.0640767919203316e-05,-0.014374048558640284,-0.002874821579433063,stop_loss,1
2022-11-03,2022-11-04,246.97,241.97,5.5558936385864286e-05,0.003414229781327179,0.0006828535439887581,profit_target,1
2022-11-04,2022-11-05,248.55,243.55,4.250419170583855e-05,0.003095695038086689,0.0006191442708626943,profit_target,1
2022-11-05,2022-11-06,252.96,247.96,4.31936286404591e-05,0.0035870971412964624,0.000717425625902505,profit_target,1
2022-11-07,2022-11-08,259.48,254.48000000000002,7.444299408177445e-05,0.006765889223572715,0.0013531979919365641,profit_target,1
2022-11-08,2022-11-10,265.47,260.47,3.547155817219209e-05,0.002859293265141391,0.0005718627100005551,profit_target,2
2022-11-09,2022-11-10,265.05,260.05,2.9417935098183462e-05,0.0020188519310795623,0.00040377276184809296,profit_target,1
2022-11-10,2022-11-11,264.66,259.66,1.222297083283908e-05,0.0008483268087099388,0.0001696657765059553,profit_target,1
2022-11-11,2022-11-12,269.0,264.0,1.4789972449005676e-05,0.0011473310172738665,0.00022946688221654648,profit_target,1
2022-11-12,2022-11-13,273.3,268.3,1.2988540502946347e-05,-0.012480077487754636,-0.002496021981487448,stop_loss,1
2022-11-13,2022-11-14,265.23,260.23,3.874224402734372e-05,0.00294753382237731,0.0005895113322738404,profit_target,1
2022-11-14,2022-11-15,273.41,268.41,6.702668661269983e-05,0.004870914053318336,0.000974195870087924,profit_target,1
2022-11-16,2022-11-17,277.25,272.25,0.00010896692860922147,0.006466621743101905,0.001293352535151054,profit_target,1
2022-11-15,2022-11-18,280.21,275.21,9.08290550938177e-05,0.006812080463630113,0.001362440842568893,profit_target,3
2022-11-17,2022-11-18,279.49,274.49,9.124284257498944e-05,0.005092661885300852,0.0010185509641572259,profit_target,1
2022-11-18,2022-11-19,282.29,277.29,9.176257550737787e-05,0.007363175797415968,0.0014726621865382113,profit_target,1
2022-11-19,2022-11-20,283.1,278.1,3.010366849049784e-05,0.0015497378240551297,0.00030994943093400946,profit_target,1
2022-11-20,2022-11-23,281.17,276.17,1.3934876216284918e-05,0.001002588013221685,0.0002005181614834889,profit_target,3
2022-11-21,2022-11-23,278.48,273.48,1.6348108942861473e-05,0.0013075131936020614,0.0002615034937379332,profit_target,2
2022-11-22,2022-11-23,278.33,273.33,1.652480043710697e-05,0.0011722397152703662,0.00023444871789772846,profit_target,1
2022-11-23,2022-11-24,284.09,279.09,2.328518048468726e-05,0.0015577534018623663,0.0003115521312819947,profit_target,1
2022-11-24,2022-11-26,287.67,282.67,2.3052529984382412e-05,0.0019377935072054228,0.00038756048829104,profit_target,2
2022-11-25,2022-11-26,286.67,281.67,1.421173872568791e-05,0.00097476135751761,0.00019495282562724637,profit_target,1
2022-11-26,2022-11-27,290.82,285.82,1.559781993436336e-05,-0.07457183024652701,-0.014914412575769758,stop_loss,1
2022-11-27,2022-11-28,276.13,271.13,8.608114412696644e-05,0.006055272553888729,0.0012110753609282843,profit_target,1
2022-11-28,2022-11-29,282.55,277.55,0.00011234959975408134,-0.06474834091886902,-0.012949959168319683,stop_loss,1
2022-11-29,2022-12-02,273.68,268.68,0.00024686777392277266,-0.022997378022013813,-0.004599702708076412,trend_reversal,3
2022-11-30,2022-12-02,271.72,266.72,0.0002444113108036744,-0.020375716789841798,-0.0040753425699322585,trend_reversal,2
2022-12-01,2022-12-02,266.84,261.84,0.00016530613242340259,-0.008929813679174614,-0.001786021783905627,trend_reversal,1
2022-12-21,2022-12-22,281.63,276.63,6.574438860957503e-05,0.004110279171749907,0.0008220666436037575,profit_target,1
2022-12-22,2022-12-23,286.52,281.52,8.324296304215717e-05,0.005227088915521548,0.0010454351881288553,profit_target,1
2022-12-23,2022-12-26,288.53,283.53,6.204577485598552e-05,0.003788482924624054,0.0007577059874158313,profit_target,3
2022-12-24,2022-12-27,287.83,282.83,5.4547919433507903e-05,0.005404044944056812,0.0010808207801163295,profit_target,3
2022-12-25,2022-12-27,286.51,281.51,5.48828154907921e-05,0.005429522675773783,0.0010859164547852422,profit_target,2
2022-12-26,2022-12-27,286.37,281.37,4.513286314715317e-05,0.004422479634486207,0.0008845039109360343,profit_target,1
2022-12-27,2022-12-28,286.65,281.65,1.513489375695658e-06,0.0001331861527072271,2.6637238604480947e-05,profit_target,1
2022-12-28,2022-12-29,291.23,286.23,9.717040618428551e-07,9.203837620664571e-05,1.8407678818692397e-05,profit_target,1
2022-12-29,2022-12-30,291.47,286.47,9.370849214291346e-08,7.575289206964494e-06,1.5150578697876564e-06,profit_target,1
2022-12-30,2022-12-31,295.39,290.39,1.0061292716191493e-07,8.396597213089172e-06,1.6793194764100837e-06,profit_target,1
2022-12-31,2023-01-01,295.63,290.63,3.160923536158342e-08,2.8151294301666095e-06,5.630258895926855e-07,profit_target,1
2023-01-01,2023-01-02,295.8,290.8,6.7819807522585575e-09,-0.00010828831430224043,-2.165766288982446e-05,stop_loss,1
2023-01-02,2023-01-03,286.26,281.26,1.193075979254739e-07,9.872050376272098e-06,1.9744101223668455e-06,profit_target,1
2023-01-03,2023-01-04,291.23,286.23,1.5517378491726934e-07,1.0240167337516243e-05,2.0480335310634715e-06,profit_target,1
2023-01-04,2023-01-05,293.11,288.11,1.5374224802567087e-07,1.2100049861425111e-05,2.4200100466965795e-06,profit_target,1
2023-01-05,2023-01-06,298.55,293.55,2.5643304855327114e-07,-0.02361845936028574,-0.004723692114319302,stop_loss,1
2023-01-06,2023-01-07,283.65,278.65,1.9737076712173104e-05,0.0013230677657369598,0.0002646145976911147,profit_target,1
2023-01-07,2023-01-08,295.34,290.34,8.007372861567469e-05,0.005073320783538569,0.0010146804065564153,profit_target,1
2023-01-08,2023-01-09,295.15,290.15,3.9552626631112874e-05,0.0030018049040158095,0.0006003657300114742,profit_target,1
2023-01-09,2023-01-11,300.75,295.75,3.892337144858235e-05,0.002126929481225976,0.00042538920776162396,profit_target,2
2023-01-10,2023-01-11,295.86,290.86,4.704187203963522e-05,0.0037336208520541503,0.0007467311959375036,profit_target,1
2023-01-11,2023-01-14,298.56,293.56,2.357704816355864e-05,0.0015418358557282993,0.0003083686252300457,profit_target,3
2023-01-12,2023-01-14,293.78,288.78,2.9137586850878265e-05,0.002449916944844861,0.0004899862443723225,profit_target,2
2023-01-13,2023-01-14,290.99,285.99,1.6661370201696076e-05,0.0012723070606069351,0.0002544622600593704,profit_target,1
2023-01-14,2023-01-16,301.2,296.2,4.0495633153473645e-05,0.0025273627121951726,0.0005054766363583212,profit_target,2
2023-01-15,2023-01-16,300.47,295.47,3.925466434242966e-05,0.0020119136767784355,0.0004023858944603317,profit_target,1
2023-01-16,2023-01-17,302.07,297.07,3.6188903507499e-05,0.002575197274949978,0.0005150431827596043,profit_target,1
2023-01-17,2023-01-18,307.5,302.5,4.010441354810159e-05,0.0035617429096931074,0.0007123542956488745,profit_target,1
2023-01-18,2023-01-20,310.41,305.41,1.178936075442818e-05,0.000895697143639999,0.00017913985111686585,profit_target,2
2023-01-19,2023-01-20,310.86,305.86,1.1623480893797216e-05,0.0006890775859238357,0.00013781583756471808,profit_target,1
2023-01-20,2023-01-21,313.28,308.28,1.1228767633480281e-05,0.000804339529698463,0.00016086826721017103,profit_target,1
2023-01-21,2023-01-23,328.04,323.04,5.9481531951624794e-05,0.003351913042431466,0.0006703905836580776,profit_target,2
2023-01-22,2023-01-24,328.42,323.42,5.9755057380525556e-05,0.005000686705427827,0.0010001492938812543,profit_target,2
2023-01-23,2023-01-24,328.83,323.83,5.784499845855155e-05,0.004253852978068488,0.0008507804382923259,profit_target,1
2023-01-24,2023-01-25,336.27,331.27,7.041363504482409e-05,0.00502609910386511,0.0010052339772087032,profit_target,1
2023-01-25,2023-01-26,343.38,338.38,8.344886687297126e-05,0.006127237106289256,0.0012254678740389467,profit_target,1
2023-01-26,2023-01-27,351.84,346.84,0.00010632825030251238,0.006344373666642171,0.0012689017173483164,profit_target,1
2023-01-28,2023-01-29,349.05,344.05,0.0001585149956947144,0.011785233326993952,0.0023571213932162896,profit_target,1
2023-01-29,2023-01-30,359.75,354.75,0.00022919369831390403,-0.048310477799032824,-0.009662538478392357,stop_loss,1
2023-01-30,2023-02-01,351.98,346.98,0.00036583206540534083,0.025285530148021294,0.005057476066987324,profit_target,2
2023-01-27,2023-02-02,355.66,350.66,0.00010127390688706179,0.005720775751494583,0.0011441783253807538,profit_target,6
2023-01-31,2023-02-02,355.29,350.29,0.00036287397368464647,0.019583802113915146,0.003917044701498216,profit_target,2
2023-02-01,2023-02-03,350.68,345.68,0.0001708478227784166,0.011768813238721958,0.0023538430775373836,profit_target,2
2023-02-02,2023-02-03,350.75,345.75,0.00016201955274124623,0.008759266991125846,0.0017519101669655082,profit_target,1
2023-02-03,2023-02-05,354.39,349.39,0.0001643023672452358,0.016339186669395104,0.0032679447200897284,profit_target,2
2023-02-04,2023-02-05,354.71,349.71,0.00015006212892273735,0.014852999688445521,0.0029706890952751054,profit_target,1
2023-02-05,2023-02-06,359.13,354.13,5.28530325758815e-06,0.0005124391906263731,0.0001024879464612501,profit_target,1
2023-02-06,2023-02-07,369.38,364.38,2.0174522013289854e-06,0.0001439641919110265,2.8792849999845023e-05,profit_target,1
2023-02-07,2023-02-09,373.0,368.0,1.8246682912849969e-06,0.00017286280061786316,3.4572572740268075e-05,profit_target,2
2023-02-08,2023-02-09,371.64,366.64,1.8037361071116084e-06,0.00016818211995921212,3.363643612609329e-05,profit_target,1
2023-02-09,2023-02-10,378.41,373.41,8.016218358586786e-07,6.711744289788045e-05,1.3423490731688746e-05,profit_target,1
2023-02-10,2023-02-11,386.96,381.96,1.1479633202614788e-06,-0.00033584930462636985,-6.716987634698483e-05,stop_loss,1
2023-02-11,2023-02-12,379.21,374.21,1.653715336123458e-06,0.00013850743594160612,2.7701496350399093e-05,profit_target,1
2023-02-12,2023-02-13,383.06,378.06,9.247950348911316e-07,8.798574658210237e-05,1.7597152571172338e-05,profit_target,1
2023-02-13,2023-02-15,389.14,384.14,2.7896602524353563e-07,2.3952211864080154e-05,4.790442640090179e-06,profit_target,2
2023-02-14,2023-02-15,387.06,382.06,3.249551056236377e-07,2.8081148422271063e-05,5.616230049458738e-06,profit_target,1
2023-02-15,2023-02-17,396.93,391.93,5.536309182207298e-07,3.9152927947597106e-05,7.830586456570375e-06,profit_target,2
2023-02-16,2023-02-17,396.52,391.52,5.71095327992189e-07,3.2143898902395905e-05,6.428780514768485e-06,profit_target,1
2023-02-17,2023-02-20,398.43,393.43,5.852047315262085e-07,4.205091446314561e-05,8.410183876965e-06,profit_target,3
2023-02-18,2023-02-20,396.98,391.98,7.011925213808078e-07,4.961458595561396e-05,9.922918582698053e-06,profit_target,2
2023-02-19,2023-02-21,397.82,392.82,7.497616694988641e-07,-0.0006495682499199828,-0.0001299136694648545,stop_loss,2
2023-02-20,2023-02-21,390.08,385.08,1.2859105798445725e-07,-0.00025219453391244254,-5.043890807968703e-05,stop_loss,1
2023-02-21,2023-02-22,381.01,376.01,7.175892525195811e-07,5.7865514083632e-05,1.1573104477673477e-05,profit_target,1
2023-02-22,2023-02-24,392.49,387.49,1.975205432948058e-06,-0.0009512060904247315,-0.00019024129323807348,stop_loss,2
2023-02-23,2023-02-24,387.36,382.36,2.124935483979325e-06,-0.0004952037943164319,-9.904080095434885e-05,stop_loss,1
2023-02-24,2023-02-25,380.21,375.21,3.021262406036052e-06,-0.007325840867317596,-0.0014651690587955586,stop_loss,1
2023-02-25,2023-02-26,366.44,361.44,1.250112734290721e-05,-0.000527575113021901,-0.00010551528641638663,trend_reversal,1
2023-03-14,2023-03-15,413.18,408.18,0.0021133704229743533,0.11513366643182421,0.023036470205321173,profit_target,1
2023-03-15,2023-03-17,420.22,415.22,0.0021449520511633846,0.1578344391692174,0.031580435537840186,profit_target,2
2023-03-16,2023-03-18,425.72,420.72,0.002178619556179928,0.1317317029792785,0.026357825330600427,profit_target,2
2023-03-19,2023-03-22,429.62,424.62,0.001809382756072661,-0.3784752401631244,-0.07572245021175703,stop_loss,3
2023-03-18,2023-03-25,429.22,424.22,0.0018111767067823387,-0.48181046529470617,-0.09639701146329438,stop_loss,7
2023-03-20,2023-03-25,424.76,419.76,0.0019140381228949788,-0.5052942457931531,-0.10109755007162428,stop_loss,5
2023-03-21,2023-03-25,422.56,417.56,0.0019524422286576748,-0.5143975453408307,-0.10291969802108156,stop_loss,4
2023-03-17,2023-03-27,428.46,423.46,0.0018196660798078246,0.13874928352130939,0.027759959475588788,profit_target,10
2023-03-22,2023-03-27,410.69,405.69,0.002295719795173734,0.19606708075115098,0.039231429023870806,profit_target,5
2023-03-25,2023-03-27,395.44,390.44,0.0016521079715321185,0.1491717069282337,0.029844202554635647,profit_target,2
2023-03-26,2023-03-27,397.57,392.57,0.0014247214653006074,0.11559797205104724,0.023126184084384552,profit_target,1
2023-03-27,2023-03-28,407.01,402.01,0.0008766285446604807,0.055990589449281605,0.011200081552094539,profit_target,1
2023-03-28,2023-03-30,415.23,410.23,0.0008929974628973172,-0.20133907722540634,-0.04027500854117035,stop_loss,2
2023-03-29,2023-03-30,403.57,398.57,0.001069002792751017,-0.019552440028369755,-0.0039113242489830545,trend_reversal,1
2023-04-20,2023-04-21,400.62,395.62,2.458052098329942e-07,1.4078253525037643e-05,2.8156508434278576e-06,profit_target,1
2023-04-21,2023-04-23,395.55,390.55,5.7651444679416496e-08,-7.8736303306673e-05,-1.5747260842905066e-05,stop_loss,2
2023-04-22,2023-04-23,392.44,387.44,6.425833126103194e-08,-6.47370889355192e-05,-1.2947417953499734e-05,stop_loss,1
2023-04-23,2023-04-24,382.7,377.7,1.4604355811085183e-07,1.1537800721695303e-05,2.3075602117399213e-06,profit_target,1
2023-04-24,2023-04-25,395.07,390.07,6.521378037969073e-07,-0.000283414688827428,-5.668294515850387e-05,stop_loss,1
2023-05-17,2023-05-18,412.29,407.29,1.105236247045773e-05,0.0006782785782005426,0.00013565601550399943,profit_target,1
2023-05-19,2023-05-20,425.79,420.79,9.977005001412988e-05,0.006993165093386244,0.0013986609275713881,profit_target,1
2023-05-18,2023-05-21,432.16,427.16,7.871963113134303e-05,0.006974755906813488,0.0013949731437169599,profit_target,3
2023-05-20,2023-05-21,439.39,434.39,0.00018738543712464896,0.014266724024977619,0.0028534517440559986,profit_target,1
2023-05-21,2023-05-23,453.5,448.5,0.0002638141610324246,0.0198816515407511,0.003976540121669422,profit_target,2
2023-05-22,2023-05-23,450.28,445.28,0.0002602492489400185,0.019751403722374425,0.003950486366696861,profit_target,1
2023-05-23,2023-05-24,454.92,449.92,0.00014018127542986605,0.011891947569957987,0.002378456196996247,profit_target,1
2023-05-24,2023-05-26,468.27,463.27,0.00012677445844404625,0.007547626297355016,0.0015095635342909125,profit_target,2
2023-05-26,2023-05-29,464.28,459.28,6.235306216023726e-05,-0.017736164604326747,-0.0035472771575839708,stop_loss,3
2023-05-27,2023-05-29,460.85,455.85,5.7007184034778714e-05,-0.01659972903946031,-0.0033199836604759668,stop_loss,2
2023-05-25,2023-05-30,466.21,461.21,7.941227026932087e-05,-0.04149574379877238,-0.008299280572696853,stop_loss,5
2023-05-28,2023-05-30,452.44,447.44,8.593246325447595e-05,-0.018812525706347633,-0.003762569806647857,stop_loss,2
2023-05-30,2023-06-02,438.98,433.98,0.00011313314125657552,0.0064965674492828505,0.001299342889605104,profit_target,3
2023-06-01,2023-06-02,433.17,428.17,0.00011777847165020134,0.007088600975456438,0.0014177535912615188,profit_target,1
2023-05-29,2023-06-04,447.79,442.79,9.738733964836498e-05,0.003553631678586541,0.0007107401791363536,trend_reversal,6
2023-05-31,2023-06-04,438.8,433.8,9.490364095601604e-05,0.005499617187064779,0.0010999443151570273,profit_target,4
2023-06-02,2023-06-04,435.74,430.74,8.693996431549927e-05,0.003256751324664511,0.0006513615908035943,trend_reversal,2
2023-06-03,2023-06-04,424.71,419.71,5.31418876384606e-05,0.0035063278729497707,0.0007012730279844456,profit_target,1
2023-06-28,2023-06-29,442.9,437.9,4.843550963072726e-06,0.00034128132474832586,6.82563310702688e-05,profit_target,1
2023-06-29,2023-06-30,444.34,439.34,2.7423807463450647e-06,0.0001471961147843308,2.943923910358666e-05,profit_target,1
2023-06-30,2023-07-01,463.51,458.51,2.4434477817772806e-05,0.001616041060421489,0.0003232097915767943,profit_target,1
2023-07-01,2023-07-03,467.58,462.58,2.0028399472399663e-05,0.0015800930196137406,0.0003160198697971868,profit_target,2
2023-07-02,2023-07-03,469.86,464.86,1.991439345983871e-05,0.0011246374900997528,0.0002249283938824578,profit_target,1
2023-07-03,2023-07-04,466.78,461.78,8.37132626694138e-06,0.0004444992790535098,8.890000465289078e-05,profit_target,1
2023-07-04,2023-07-06,469.52,464.52,8.431105705705407e-06,0.0008246948468854234,0.0001649392475011308,profit_target,2
2023-07-05,2023-07-06,468.2,463.2,7.245589037397379e-06,0.0006998987884768783,0.00013997996054282918,profit_target,1
2023-07-06,2023-07-07,474.97,469.97,1.1602202521337064e-06,9.051885797997952e-05,1.810377579686937e-05,profit_target,1
2023-07-07,2023-07-09,484.0,479.0,1.627302761694638e-06,-0.0007779906583412271,-0.00015559818230931577,stop_loss,2
2023-07-08,2023-07-09,476.81,471.81,1.5195123884576011e-06,-0.0003462623399168172,-6.925248902936645e-05,stop_loss,1
2023-07-09,2023-07-10,466.23,461.23,1.556036946487763e-06,-0.0012682779635574048,-0.00025365567165100026,stop_loss,1
2023-07-10,2023-07-11,451.68,446.68,2.5169780411689823e-06,0.0001700616445049026,3.401234602264613e-05,profit_target,1
2023-07-11,2023-07-13,456.14,451.14,2.5254137828566593e-06,-0.02657498033335047,-0.005314998751184315,stop_loss,2
2023-07-12,2023-07-13,448.51,443.51,2.896716895902133e-06,-0.014436711404104897,-0.0028873439535845825,stop_loss,1
2023-07-13,2023-07-14,431.03,426.03,2.268755467666134e-05,0.0013674000563113227,0.00027348125218643694,profit_target,1
2023-07-14,2023-07-15,434.62,429.62,2.1132114951890766e-05,0.0011299599061710816,0.00022599293637595827,profit_target,1
2023-07-20,2023-07-22,472.13,467.13,9.991296382967293e-05,0.006874168128452466,0.0013748610989799438,profit_target,2
2023-07-21,2023-07-22,470.01,465.01,7.612399821514682e-05,0.004162498864933783,0.000832512447821975,profit_target,1
2023-07-22,2023-07-23,472.43,467.43,6.264190209295979e-05,0.004244202780330172,0.0008488511907966715,profit_target,1
2023-07-23,2023-07-25,476.32,471.32,4.4485497434979416e-05,0.003001488749214084,0.0006003030907991379,profit_target,2
2023-07-24,2023-07-25,471.62,466.62,3.93642890650866e-05,0.0027480851895663036,0.0005496213650041184,profit_target,1
2023-07-25,2023-07-26,480.0,475.0,4.476845728937362e-05,0.0022863558184470136,0.0004572752579909741,profit_target,1
2023-07-26,2023-07-28,479.07,474.07,2.7693543502730093e-05,0.001490704910676855,0.00029814263346056893,profit_target,2
2023-07-27,2023-07-28,473.26,468.26,3.333943127766881e-05,0.0024367718605022457,0.0004873576217456367,profit_target,1
2023-07-28,2023-07-30,477.66,472.66,2.221611264505846e-05,0.0018640874489505633,0.0003728191463085428,profit_target,2
2023-07-29,2023-07-30,471.53,466.53,2.8275870356004196e-05,0.0026032964173026947,0.0005206622278960699,profit_target,1
2023-07-30,2023-08-01,471.74,466.74,3.496756341567767e-06,0.00029972772977756955,5.9945587878536815e-05,profit_target,2
2023-07-31,2023-08-01,472.65,467.65,3.1627014917505057e-06,0.0002239103527765391,4.478209888179001e-05,profit_target,1
2023-08-01,2023-08-02,481.65,476.65,5.050181782889022e-06,0.0003377406462920808,6.754819748455144e-05,profit_target,1
2023-08-02,2023-08-04,487.19,482.19,5.412403333537354e-06,0.0004378495992745198,8.757001464775179e-05,profit_target,2
2023-08-03,2023-08-04,487.12,482.12,5.277589917493039e-06,0.00036642360374387916,7.328479810219814e-05,profit_target,1
2023-08-04,2023-08-05,494.78,489.78,6.778729282555876e-06,0.0005276686043567924,0.00010553386394845724,profit_target,1
2023-08-05,2023-08-06,507.73,502.73,1.1627363078880603e-05,0.0008567676032414878,0.0001713539191271441,profit_target,1
2023-08-06,2023-08-07,513.22,508.22,9.017626330259411e-06,0.0005476856123790919,0.00010953732002914262,profit_target,1
2023-08-07,2023-08-08,514.37,509.37,6.099584312486332e-06,-0.0013089010947452508,-0.0002617805382995431,stop_loss,1
2023-08-08,2023-08-12,502.53,497.53,6.421976280303072e-06,0.0006350569683412257,0.00012701155680128616,profit_target,4
2023-08-09,2023-08-12,492.77,487.77,2.329603267845181e-06,0.0002310240699911337,4.620483552601391e-05,profit_target,3
2023-08-10,2023-08-12,490.88,485.88,2.2955256143733732e-06,0.00022710108432760824,4.5420237718185464e-05,profit_target,2
2023-08-11,2023-08-12,486.35,481.35,1.5456701290793024e-06,0.00015274884907547418,3.0549779259071084e-05,profit_target,1
2023-08-12,2023-08-13,485.4,480.4,2.671182732764877e-08,1.4611292480322233e-06,2.92225851167622e-07,profit_target,1
2023-08-13,2023-08-14,486.28,481.28,2.5564490284855652e-08,2.5563380823993035e-06,5.112676190939199e-07,profit_target,1
2023-08-14,2023-08-16,491.9,486.9,1.2690957354513468e-11,1.2388827767640909e-09,2.477765553534471e-10,profit_target,2
2023-08-15,2023-08-16,490.68,485.68,1.411635159972473e-11,1.3573450539145364e-09,2.7146901078367373e-10,profit_target,1
2023-08-16,2023-08-17,496.26,491.26,6.459938075616146e-12,3.967868600830959e-10,7.93573720167217e-11,profit_target,1
2023-08-17,2023-08-18,496.67,491.67,6.521813705423685e-12,-3.429702938975369e-06,-6.859405877959685e-07,stop_loss,1
2023-08-18,2023-08-19,480.7,475.7,2.1180062431758417e-09,-4.274169239707578e-07,-8.548338483036243e-08,stop_loss,1
2023-08-28,2023-09-01,504.92,499.92,3.016319688052621e-07,1.991639093063879e-05,3.98327842642458e-06,profit_target,4
2023-08-29,2023-09-01,500.18,495.18,3.9571368982499683e-07,3.166799189398551e-05,6.333598880055459e-06,profit_target,3
2023-08-30,2023-09-01,497.79,492.79,4.3269311357953995e-07,3.414854179584465e-05,6.829708950202536e-06,profit_target,2
2023-08-31,2023-09-01,494.21,489.21,2.618107963381156e-07,1.775662185162588e-05,3.5513245562801984e-06,profit_target,1
2023-09-01,2023-09-02,496.64,491.64,2.1178750782997532e-07,1.0977300060143541e-05,2.195460105022913e-06,profit_target,1
2023-09-02,2023-09-03,498.02,493.02,2.1370545149549113e-07,1.526020665269469e-05,3.0520414609865183e-06,profit_target,1
2023-09-03,2023-09-04,499.22,494.22,1.2704941855185734e-07,1.2060406027708791e-05,2.412081266832463e-06,profit_target,1
2023-09-04,2023-09-05,503.65,498.65,2.6913170450684452e-08,2.1481522626874967e-06,4.2963045485004285e-07,profit_target,1
2023-09-05,2023-09-06,514.28,509.28,6.58931892138405e-08,4.863028212772092e-06,9.72605655372036e-07,profit_target,1
2023-09-06,2023-09-07,523.96,518.96,1.5082475407928663e-07,-7.288193849269898e-05,-1.4576388138235827e-05,stop_loss,1
2023-09-07,2023-09-08,510.97,505.97,1.8407269843362954e-07,-0.004546170041276815,-0.0009092340417283957,stop_loss,1
2023-09-08,2023-09-09,488.52,483.52,3.737949181611749e-06,0.00025722141030993736,5.144432052123864e-05,profit_target,1
2023-09-09,2023-09-10,497.01,492.01,5.609307896499861e-06,-0.0021002441584747128,-0.0004200493029321169,stop_loss,1
2023-09-10,2023-09-12,485.99,480.99,9.745944515225495e-06,-0.0021096374527889024,-0.00042192831297576603,stop_loss,2
2023-09-11,2023-09-12,484.49,479.49,9.808718555067808e-06,-0.002657016334839141,-0.0005314043094468903,stop_loss,1
2023-10-24,2023-10-25,509.96,504.96,7.669142531020832e-05,0.004552026719303144,0.0009104193081315028,profit_target,1
2023-10-25,2023-10-27,511.39,506.39,5.041856519508994e-05,0.002917979634310631,0.0005836018117353248,profit_target,2
2023-10-27,2023-10-28,510.85,505.85,3.995024744397587e-05,-0.015365096473858884,-0.003073043848544208,stop_loss,1
2023-10-26,2023-10-29,508.25,503.25,4.139679205838716e-05,-0.01682447786939298,-0.003364923433285728,stop_loss,3
2023-10-29,2023-10-30,490.6,485.6,8.773963482989512e-05,0.006430116870436743,0.0012860459415276056,profit_target,1
2023-10-28,2023-11-02,498.82,493.82,7.919382180217316e-05,0.0054805174051418895,0.0010961208422281083,profit_target,5
2023-11-01,2023-11-02,487.82,482.82,0.00012858037853278118,0.009745037144692856,0.0019490575510501106,profit_target,1
2023-10-30,2023-11-03,501.69,496.69,0.00010222721975494415,0.009297702277102514,0.0018595784753279926,profit_target,4
2023-10-31,2023-11-03,496.1,491.1,9.267292826360685e-05,0.008551889845384315,0.001710409670811408,profit_target,3
2023-11-02,2023-11-03,493.26,488.26,7.676981807828304e-05,0.006545788046142587,0.0013091777102954476,profit_target,1
2023-11-03,2023-11-04,504.34,499.34,5.40859486822514e-05,0.004895758790810617,0.0009791623499470455,profit_target,1
2023-11-04,2023-11-05,511.34,506.34,1.720843465836952e-05,0.0014793598821440709,0.0002958729947310336,profit_target,1
2023-11-05,2023-11-07,520.95,515.95,1.1599014656432801e-05,-0.012218500573924675,-0.0024437057837007753,stop_loss,2
2023-11-06,2023-11-07,514.98,509.98,1.4436222562127848e-05,-0.00839023402465233,-0.0016780516498758836,stop_loss,1
2023-11-07,2023-11-08,501.83,496.83,3.329239709444747e-05,0.0026766763150173544,0.0005353388275460363,profit_target,1
2023-11-08,2023-11-10,516.86,511.86,4.862223675099241e-05,0.003108466767884517,0.0006216993992599792,profit_target,2
2023-11-09,2023-11-10,513.79,508.78999999999996,4.498728443230607e-05,0.0027213572956117987,0.0005442763562254092,profit_target,1
2023-11-10,2023-11-11,512.1,507.1,2.08690881531783e-05,0.0015919456190304697,0.0003183904527097789,profit_target,1
2023-11-11,2023-11-12,524.8,519.8,2.986387505231943e-05,0.002064982821098815,0.0004129990309700546,profit_target,1
2023-11-12,2023-11-13,530.98,525.98,2.6088573077099296e-05,0.0024027737500044244,0.0004805572574115104,profit_target,1
2023-11-13,2023-11-14,536.43,531.43,6.072246840757285e-06,0.0004983189768913857,9.966391641505746e-05,profit_target,1
2023-11-14,2023-11-16,558.16,553.16,1.90607284499746e-05,0.0010711820768020985,0.00021423723206396057,profit_target,2
2023-11-15,2023-11-16,552.48,547.48,2.2849189663733636e-05,0.0016197434630433878,0.0003239501730084665,profit_target,1
2023-11-16,2023-11-17,562.21,557.21,2.660843974464566e-05,0.0013619557210516747,0.00027239259379871874,profit_target,1
2023-11-17,2023-11-18,562.81,557.81,1.979360108914541e-05,0.0015872780274421355,0.00031745686221132586,profit_target,1
2023-11-18,2023-11-19,566.4,561.4,8.691959354600117e-06,0.0006710335628477371,0.00013420694587381116,profit_target,1
2023-11-19,2023-11-20,582.66,577.66,1.6882765111880717e-05,0.001301141372128526,0.0002602291531032386,profit_target,1
2023-11-20,2023-11-21,589.37,584.37,1.1665573547004707e-05,0.0007208301567292869,0.00014416636770253047,profit_target,1
2023-11-21,2023-11-22,594.84,589.84,1.1650293115474586e-05,0.0009802976251716401,0.0001960599818655794,profit_target,1
2023-11-22,2023-11-23,607.81,602.81,1.0902141862028552e-05,0.0007699037437703933,0.00015398108449880414,profit_target,1
2023-11-23,2023-11-25,604.47,599.47,3.3152362391493818e-06,-0.003214858539727826,-0.0006429721342664693,stop_loss,2
2023-11-24,2023-11-25,596.36,591.36,5.501918409262906e-06,-0.0016813908937298758,-0.00033627854878140283,stop_loss,1
2023-11-25,2023-11-26,585.1,580.1,1.0005388435414906e-05,-0.01892388040949807,-0.003784783655545738,stop_loss,1
2023-11-26,2023-11-27,565.73,560.73,4.690678808643312e-05,0.004130538074865,0.0008261153650566728,profit_target,1
2023-11-27,2023-12-01,588.22,583.22,6.768551610726765e-05,0.004111099125298249,0.0008222309556849688,profit_target,4
2023-11-28,2023-12-01,576.26,571.26,7.934314212027383e-05,0.006788189258289855,0.00135765939585045,profit_target,3
2023-11-29,2023-12-01,574.25,569.25,6.479708526240663e-05,0.005102148296218072,0.001020442883588521,profit_target,2
2023-11-30,2023-12-01,571.87,566.87,5.535011398078316e-05,0.003964148577533964,0.0007928384922469757,profit_target,1
2023-12-01,2023-12-02,576.56,571.56,3.5191910531871644e-05,0.002354302691738282,0.00047086385246737015,profit_target,1
2023-12-02,2023-12-03,584.79,579.79,3.68513063587479e-05,0.0028579272479918013,0.0005715896623635121,profit_target,1
2023-12-03,2023-12-06,595.08,590.08,3.226113847202899e-05,0.0021832464443857238,0.00043665210625595753,profit_target,3
2023-12-04,2023-12-06,589.77,584.77,3.650184208163357e-05,0.002754054115352688,0.0005508148442218295,profit_target,2
2023-12-05,2023-12-06,588.53,583.53,3.105103126053782e-05,0.001944158024248647,0.0003888340195891889,profit_target,1
2023-12-06,2023-12-07,592.24,587.24,2.3938857815407506e-05,0.001675125609639015,0.00033502672595923445,profit_target,1
2023-12-07,2023-12-08,590.14,585.14,8.409555147760681e-06,0.0007603438190547447,0.00015206901957751022,profit_target,1
2023-12-08,2023-12-09,608.47,603.47,9.068972222298858e-06,0.0006102331222790477,0.00012204684582370046,profit_target,1
2023-12-09,2023-12-10,613.73,608.73,7.69850269820814e-06,0.0005750560254127166,0.00011501138216563051,profit_target,1
2023-12-10,2023-12-11,622.66,617.66,7.495014418423644e-06,0.0006093640995468981,0.00012187300259736196,profit_target,1
2023-12-11,2023-12-12,630.76,625.76,5.069429937834644e-06,0.000403651730208741,8.073042789319782e-05,profit_target,1
2023-12-12,2023-12-15,645.47,640.47,7.203757484633183e-06,0.0005662764965763992,0.00011325546248825697,profit_target,3
2023-12-13,2023-12-15,648.28,643.28,7.112109431430262e-06,0.00038058162371474875,7.611643301262997e-05,profit_target,2
2023-12-14,2023-12-15,633.84,628.84,3.9590645570649285e-06,0.00029200634864612655,5.840131597214134e-05,profit_target,1
2023-12-16,2023-12-18,631.73,626.73,3.3765025143381137e-06,0.0002047505667838049,4.0950141010411795e-05,profit_target,2
2023-12-17,2023-12-18,627.4,622.4,3.9509916438362335e-06,0.0002664665083450851,5.3293343781328206e-05,profit_target,1
2023-12-15,2023-12-19,639.34,634.34,2.9212139910005054e-06,0.00027849161440954425,5.5698355423271876e-05,profit_target,4
2023-12-18,2023-12-19,634.66,629.66,4.285536814038944e-06,0.0003905020734360237,7.810048162770258e-05,profit_target,1
2023-12-19,2023-12-21,649.36,644.36,3.0217707289345824e-06,0.00023635281651476759,4.727059187113169e-05,profit_target,2
2023-12-20,2023-12-21,650.66,645.66,2.7471085323646743e-06,0.00015315495401386781,3.063100763211405e-05,profit_target,1
2023-12-21,2023-12-22,653.77,648.77,2.6082957902756544e-06,0.0002212512218157184,4.425026744670094e-05,profit_target,1
2023-12-22,2023-12-23,675.23,670.23,5.579737805308949e-06,0.0003254343447158252,6.508694157677875e-05,profit_target,1
2023-12-23,2023-12-24,678.8,673.8,4.973174501903292e-06,0.00037269803900672903,7.453968194111493e-05,profit_target,1
2023-12-24,2023-12-25,712.62,707.62,3.336628717482727e-05,0.00271988918046389,0.0005439814662211419,profit_target,1
2023-12-25,2023-12-27,720.04,715.04,1.678276909195301e-05,0.0013122982561081394,0.00026246053218452936,profit_target,2
2023-12-26,2023-12-27,698.93,693.93,1.1625360379882536e-05,0.0010940669451808389,0.00021881389779425137,profit_target,1
2023-12-27,2023-12-28,709.43,704.43,3.023196752676761e-06,0.00027229743524893353,5.44595199781555e-05,profit_target,1
2023-12-28,2023-12-29,714.82,709.82,8.56861242155046e-07,7.470415892690073e-05,1.494083434582452e-05,profit_target,1
2023-12-29,2023-12-30,732.23,727.23,1.1257731329558358e-06,9.190568676522862e-05,1.8381141491644775e-05,profit_target,1
2023-12-30,2024-01-01,741.49,736.49,8.746514343804568e-07,-0.0005711675469816011,-0.0001142335293792243,stop_loss,2
2023-12-31,2024-01-01,740.47,735.47,1.0462198680583198e-06,-0.0007869461925241413,-0.0001573892714375848,stop_loss,1
2024-01-01,2024-01-04,725.82,720.82,3.490984297016813e-06,-0.0007255043826347781,-0.00014510097783600263,stop_loss,3
2024-01-02,2024-01-04,723.69,718.69,3.4051262638162415e-06,-0.0009750093168264492,-0.00019500199616657356,stop_loss,2
2024-01-04,2024-01-05,706.36,701.36,5.947010397432985e-06,0.0003952696953160703,7.905403309024541e-05,profit_target,1
2024-01-03,2024-01-06,713.16,708.16,4.615101283150184e-06,0.0004255177711800578,8.510363278838854e-05,profit_target,3
2024-01-05,2024-01-06,714.07,709.07,6.14400757873476e-06,0.000509635827064291,0.00010192729066126745,profit_target,1
2024-01-06,2024-01-07,736.99,731.99,1.1952094982834284e-05,0.0009886520443212145,0.0001977308815238983,profit_target,1
2024-01-07,2024-01-08,744.07,739.07,5.8520975817531e-06,-0.003496490124792813,-0.0006992988434315767,stop_loss,1
2024-01-08,2024-01-09,727.89,722.89,1.592900261646415e-05,0.0010320704301025672,0.00020641474361671167,profit_target,1
2024-01-09,2024-01-10,735.02,730.02,1.4848219659886015e-05,0.0011490113793808103,0.00022980295830912276,profit_target,1
2024-01-10,2024-01-13,752.1,747.1,1.9804465774596845e-05,0.0015377131270543384,0.0003075438435591725,profit_target,3
2024-01-11,2024-01-13,743.88,738.88,1.867324504891809e-05,0.001542348872357927,0.0003084709265022256,profit_target,2
2024-01-12,2024-01-13,743.37,738.37,1.9278650540936835e-05,0.001456249667940493,0.0002912510565735665,profit_target,1
2024-01-14,2024-01-15,734.62,729.62,1.1781801584134777e-05,0.000931375588326868,0.0001862755565977032,profit_target,1
2024-01-13,2024-01-16,744.62,739.62,7.754780718431209e-06,0.000489680735200616,9.793629893502774e-05,profit_target,3
2024-01-15,2024-01-17,745.02,740.02,9.068608591613833e-06,0.0006762153801500182,0.00013524332132375277,profit_target,2
2024-01-16,2024-01-17,742.6,737.6,8.202498335755162e-06,0.0005348268228326286,0.00010696554004345856,profit_target,1
2024-01-17,2024-01-19,749.97,744.97,8.036919160791427e-06,-0.001106702013883962,-0.0002213407585563491,trend_reversal,2
2024-01-18,2024-01-19,738.44,733.44,9.065488975223317e-06,-0.0001538894460982208,-3.077794502306842e-05,trend_reversal,1
2024-01-25,2024-01-26,776.85,771.85,9.450417097236692e-08,-0.00014634161457946132,-2.9268323469087997e-05,stop_loss,1
2024-01-26,2024-01-27,758.18,753.18,3.690792550570691e-07,-0.0011731076865564918,-0.00023462155463008807,stop_loss,1
2024-01-27,2024-01-28,735.45,730.45,2.275606890093777e-06,-0.0009296549385294744,-0.00018593107232710074,stop_loss,1
2024-01-28,2024-01-29,716.05,711.05,2.8546032044678713e-06,0.00021619685044212556,4.3239394774688095e-05,profit_target,1
2024-02-04,2024-02-05,809.82,804.82,0.00014783089657536067,0.01254317004838433,0.002508708182592842,profit_target,1
2024-02-05,2024-02-06,840.99,835.99,0.0001950472256826534,0.013448055056308403,0.002689715935587903,profit_target,1
2024-02-06,2024-02-07,861.12,856.12,0.00024642671688846624,0.019862940340343874,0.003972783868085879,profit_target,1
2024-02-07,2024-02-08,877.87,872.87,0.00016589280849214558,0.009635104348414483,0.0019270848075850831,profit_target,1
2024-02-08,2024-02-09,888.66,883.66,0.00016897816750346614,0.011571495617784464,0.0023143773394052377,profit_target,1
2024-02-11,2024-02-13,881.44,876.44,0.0001732388430348425,0.009336229119809476,0.0018673105221047826,profit_target,2
2024-02-09,2024-02-15,901.15,896.15,0.00014369606005255886,0.009745869041209894,0.0019492298275712505,profit_target,6
2024-02-10,2024-02-15,893.36,888.36,0.00013574213080043765,0.009349367389186684,0.0018699242433375819,profit_target,5
2024-02-12,2024-02-15,882.46,877.46,0.00017383580188385164,0.012814814298127676,0.0025630519696644184,profit_target,3
2024-02-13,2024-02-15,880.38,875.38,0.0001383433572308898,0.008126374653493612,0.001625319901141062,profit_target,2
2024-02-14,2024-02-15,873.91,868.91,0.00014899508344020512,0.009450196649124151,0.0018900956528167304,profit_target,1
2024-02-15,2024-02-16,886.48,881.48,0.0001488660410690415,0.009882069423653578,0.0019764727306648545,profit_target,1
2024-02-16,2024-02-17,902.75,897.75,0.0001646508484973684,0.008717392416717623,0.001743535898276532,profit_target,1
2024-02-17,2024-02-18,904.56,899.56,0.00011579641913149474,0.009108932811074381,0.0018218287544640838,profit_target,1
2024-02-18,2024-02-22,930.72,925.72,0.0001420695173648262,-0.21808277112354157,-0.0436177935764847,stop_loss,4
2024-02-19,2024-02-22,912.69,907.69,0.00023095484041182196,-0.10846859542454412,-0.02169472118508264,stop_loss,3
2024-02-20,2024-02-22,910.11,905.11,0.00021910048688759953,-0.12598158743507692,-0.025197421640485333,stop_loss,2
2024-02-21,2024-02-22,899.37,894.37,0.00016837773578351478,-0.0980875676744708,-0.019618174187644142,stop_loss,1
2024-02-22,2024-02-25,870.73,865.73,0.0003824530758784542,0.034895719851269213,0.006979677850106325,profit_target,3
2024-02-23,2024-02-25,869.85,864.85,0.0003885773245895924,0.034315932292317344,0.006863719875644671,profit_target,2
2024-02-24,2024-02-25,869.17,864.17,0.00035222096562090993,0.02912277405936295,0.005824965146842336,profit_target,1
2024-02-25,2024-02-26,893.35,888.35,0.00029014168331625845,0.024720648247346377,0.0049444165657383556,profit_target,1
2024-02-26,2024-02-28,905.57,900.57,0.00011627535805332212,0.009052818341909623,0.0018106057741488612,profit_target,2
2024-02-27,2024-02-28,889.12,884.12,7.694840623950067e-05,0.006324984334928022,0.0012650163351837762,profit_target,1
2024-02-28,2024-02-29,921.35,916.35,0.00011967118310158426,0.009416991478871855,0.0018834433745537585,profit_target,1
2024-02-29,2024-03-01,942.16,937.16,0.00011037675477537645,0.010064541292221,0.0020129526950814,profit_target,1
2024-03-02,2024-03-03,950.1,945.1,2.3614008815672945e-05,-0.004769030089557275,-0.0009538105225694728,stop_loss,1
2024-03-01,2024-03-05,953.12,948.12,2.7281808608024816e-05,0.0024202358700418187,0.0004840498151592465,profit_target,4
2024-03-03,2024-03-05,934.93,929.93,4.118671361227986e-05,0.003912341585965255,0.0007824747627058432,profit_target,2
2024-03-04,2024-03-05,930.26,925.26,2.924629638482827e-05,0.002695760091994557,0.0005391551720573032,profit_target,1
2024-03-05,2024-03-06,948.29,943.29,1.1494851335265002e-05,0.0010865725254231681,0.00021731500468536797,profit_target,1
2024-03-06,2024-03-07,983.39,978.39,1.032181624205505e-05,0.0008859161239026555,0.00017718359055182367,profit_target,1
2024-03-07,2024-03-09,1011.81,1006.81,1.3298996369703886e-05,-0.003973601751558822,-0.0007947224641139974,stop_loss,2
2024-03-08,2024-03-09,1003.46,998.46,1.277979344797061e-05,-0.0033420602647794666,-0.000668413761393855,stop_loss,1
2024-03-09,2024-03-10,984.51,979.51,2.177973710180232e-05,0.0011598802462503381,0.00023197705972994255,profit_target,1
2024-03-10,2024-03-11,989.01,984.01,1.9203823639466714e-05,-0.019346335126575534,-0.003869281886316498,stop_loss,1
2024-03-11,2024-03-12,958.13,953.13,5.629846149599743e-05,0.003429621859075407,0.0006859320951994115,profit_target,1
2024-03-12,2024-03-15,964.66,959.66,4.482998444201979e-05,-0.021161268499422542,-0.004232291646598243,stop_loss,3
2024-03-13,2024-03-15,963.91,958.91,4.5286417963506104e-05,-0.02832189848313328,-0.005664431000984623,stop_loss,2
2024-03-14,2024-03-15,956.59,951.59,4.897368017273314e-05,-0.02510031687592615,-0.00502011254586248,stop_loss,1
2024-03-15,2024-03-16,930.05,925.05,0.00010178409478976691,0.006143868565772637,0.0012287987275877608,profit_target,1
2024-03-16,2024-03-17,940.08,935.08,9.587669808595531e-05,-0.00011207915133568808,-2.2416260106538105e-05,trend_reversal,1
2024-04-08,2024-04-10,945.99,940.99,4.207380805761659e-05,0.0024761248099489184,0.0004952291292248492,profit_target,2
2024-04-09,2024-04-11,946.46,941.46,4.0797488861633e-05,-0.06758672381708347,-0.013517455059061136,stop_loss,2
2024-04-10,2024-04-11,934.59,929.59,1.7303712530737734e-05,-0.04960467327067439,-0.009920968988053957,stop_loss,1
2024-04-11,2024-04-12,895.44,890.44,8.528127066120134e-05,0.005015911316198773,0.001003199374063224,profit_target,1
2024-04-12,2024-04-13,911.44,906.44,0.00011783271330634976,0.006740185153669698,0.0013480688000548262,profit_target,1
2024-04-13,2024-04-15,924.6,919.6,0.00013920756526661707,0.009984555165401185,0.0019969666316527793,profit_target,2
2024-04-14,2024-04-16,920.04,915.04,7.689323984315898e-05,0.005920653039498881,0.0011841488185075986,profit_target,2
2024-04-15,2024-04-16,923.21,918.21,6.985030651649425e-05,0.003918294809788711,0.0007836699098744248,profit_target,1
2024-04-16,2024-04-17,932.44,927.44,7.173093082541403e-05,-0.01944854874551208,-0.0038897655524031695,stop_loss,1
2024-04-17,2024-04-18,907.83,902.83,9.588627827798388e-05,0.00874892980075204,0.0017498195168866345,profit_target,1
2024-06-19,2024-06-21,944.85,939.85,4.1892120215282144e-05,0.003053004451341483,0.0006106060061843396,profit_target,2
2024-06-20,2024-06-21,935.23,930.23,4.155146615971404e-05,0.003244665101554788,0.0006489384131794606,profit_target,1
2024-06-21,2024-06-25,952.78,947.78,3.7402031074162956e-05,0.0024466624389328766,0.0004893361482197396,profit_target,4
2024-06-22,2024-06-25,948.37,943.37,3.491585738692182e-05,0.0020430259875722605,0.0004086080508945385,profit_target,3
2024-06-24,2024-06-25,927.3,922.3,3.869854874085331e-05,0.0030796172173092867,0.0006159282105674328,profit_target,1
2024-06-23,2024-06-26,942.52,937.52,2.4344537520364085e-05,0.002084055372802854,0.0004168131039850206,profit_target,3
2024-06-25,2024-06-26,935.27,930.27,1.904648997884265e-05,0.0013917145716036252,0.00027834397461586963,profit_target,1
2024-06-26,2024-06-29,971.86,966.86,6.167486801443925e-05,0.005167836056432548,0.0010335799604680384,profit_target,3
2024-06-27,2024-06-29,953.32,948.32,9.554573586600945e-05,0.009083094419948243,0.0018166535986906289,profit_target,2
2024-06-28,2024-06-29,955.87,950.87,9.042071557858501e-05,0.008214059277651245,0.0016428415649122254,profit_target,1
2024-06-29,2024-07-01,981.31,976.31,5.091062878329923e-05,0.0037674993843417846,0.0007535075491769812,profit_target,2
2024-06-30,2024-07-01,980.81,975.81,4.683566598037356e-05,0.002818340479643312,0.0005636733759322539,profit_target,1
2024-07-01,2024-07-02,990.66,985.66,4.55134721940734e-05,-0.010328382872451095,-0.0020656953778840476,stop_loss,1
2024-07-02,2024-07-03,971.98,966.98,7.663380561358756e-05,0.007563883608801111,0.0015127999080830398,profit_target,1
2024-07-03,2024-07-05,980.63,975.63,2.852771994903407e-06,0.0002534366689807906,5.068736271605589e-05,profit_target,2
2024-07-04,2024-07-05,979.19,974.19,2.953891912729691e-06,0.00024861750336130665,4.9723530047847984e-05,profit_target,1
2024-07-05,2024-07-06,996.77,991.77,2.6075178307373393e-06,0.00021644960901029853,4.3289944377920074e-05,profit_target,1
2024-07-06,2024-07-07,1019.48,1014.48,3.3778182577988035e-06,0.00025283429040211366,5.0566892241577114e-05,profit_target,1
2024-07-07,2024-07-08,1069.39,1064.39,2.4040782054045133e-05,0.0015554180593790228,0.0003110851076216591,profit_target,1
2024-07-08,2024-07-09,1082.09,1077.09,2.441192050900605e-05,0.0021304668612869273,0.00042609545261904915,profit_target,1
2024-07-09,2024-07-10,1089.38,1084.38,7.160447822332147e-06,0.00039168199811750494,7.833651180840207e-05,profit_target,1
2024-07-10,2024-07-12,1093.82,1088.82,6.3114408314758706e-06,0.0005789077179250072,0.00011578168973485828,profit_target,2
2024-07-11,2024-07-12,1088.29,1083.29,4.7908265390061424e-06,0.0004215429843106109,8.430867764377224e-05,profit_target,1
2024-07-12,2024-07-14,1096.07,1091.07,1.5234061853817895e-06,0.00011571963266253696,2.3143933584029706e-05,profit_target,2
2024-07-13,2024-07-14,1091.59,1086.59,1.2731640753611394e-06,8.380541860280953e-05,1.6761087988484924e-05,profit_target,1
2024-07-14,2024-07-15,1096.23,1091.23,9.522381733837121e-07,8.624308111320346e-05,1.7248619507599474e-05,profit_target,1
2024-07-15,2024-07-16,1123.71,1118.71,9.98651320152698e-07,-0.000479499916810174,-9.590000251616761e-05,stop_loss,1
2024-07-16,2024-07-17,1103.93,1098.93,2.570895203508894e-06,0.0002110699294586016,4.221400759727825e-05,profit_target,1
2024-07-17,2024-07-18,1129.0,1124.0,3.476596095485342e-06,0.00027876465011176686,5.575296878846409e-05,profit_target,1
2024-07-18,2024-07-19,1157.01,1152.01,5.583605969028188e-06,0.00033044176505775684,6.608842681389827e-05,profit_target,1
2024-07-19,2024-07-20,1156.16,1151.16,3.281382269371049e-06,-0.014747784933224213,-0.002949558922370913,stop_loss,1
2024-07-20,2024-07-22,1113.7,1108.7,2.6637455594782748e-05,0.0018985210295045492,0.0003797062287824715,profit_target,2
2024-07-21,2024-07-22,1102.97,1097.97,2.8077903667318542e-05,0.0021724221127742286,0.0004344868624508994,profit_target,1
2024-07-22,2024-07-26,1129.97,1124.97,3.660367072254398e-05,0.0031971457967321943,0.000639433840471588,profit_target,4
2024-07-23,2024-07-26,1131.0,1126.0,3.2332353170645006e-05,0.002473141059968105,0.0004946314105131117,profit_target,3
2024-07-24,2024-07-26,1111.73,1106.73,3.367870878377699e-05,0.0029888917309813107,0.0005977823727039514,profit_target,2
2024-07-25,2024-07-26,1102.61,1097.61,4.0624847677226544e-05,0.003724213926412156,0.0007448488371565416,profit_target,1
2024-07-26,2024-07-27,1121.43,1116.43,1.424519397725003e-05,0.0011944104858327325,0.00023888277775284788,profit_target,1
2024-07-29,2024-07-31,1122.53,1117.53,4.7794805674409874e-06,-0.0010038801295625096,-0.00020077621783370821,stop_loss,2
2024-07-27,2024-08-01,1133.22,1128.22,6.84504735704093e-06,0.0005720225727234073,0.00011440467116575986,profit_target,5
2024-07-28,2024-08-01,1129.43,1124.43,7.542192874706579e-06,0.0006073703872181994,0.00012147426068010056,profit_target,4
2024-07-30,2024-08-01,1115.81,1110.81,5.3882661729318364e-06,0.000376566421285147,7.531336541872126e-05,profit_target,2
2024-07-31,2024-08-01,1099.13,1094.13,8.338971916819257e-06,0.0007428584295368461,0.00014857193369480575,profit_target,1
2024-08-05,2024-08-06,1209.75,1204.75,2.1425287225667125e-05,0.001910169920874786,0.0003820356212195402,profit_target,1
2024-08-06,2024-08-07,1201.01,1196.01,2.124534812216264e-06,0.00014394170720430507,2.8788353673232925e-05,profit_target,1
2024-08-08,2024-08-09,1211.91,1206.91,1.9929137559412773e-06,-0.00043044088501198886,-8.608821131567388e-05,stop_loss,1
2024-08-09,2024-08-10,1193.75,1188.75,3.3955091576397733e-06,0.00021271685027769325,4.2543398946838797e-05,profit_target,1
2024-08-07,2024-08-11,1211.41,1206.41,1.989010047367707e-06,-0.0006323664773316337,-0.00012647334577767783,stop_loss,4
2024-08-10,2024-08-11,1201.99,1196.99,3.1332796520633322e-06,-0.001321666880958544,-0.00026433354183789037,stop_loss,1
2024-08-11,2024-08-12,1177.96,1172.96,6.604095088074465e-06,0.0004973860786701811,9.947734712560812e-05,profit_target,1
2024-08-12,2024-08-14,1204.41,1199.41,1.0202552810392902e-05,0.0007033703268538713,0.00014067435241827618,profit_target,2
2024-08-13,2024-08-14,1196.03,1191.03,1.1568511981033518e-05,0.0008547713738900472,0.00017095467031623981,profit_target,1
2024-08-14,2024-08-15,1201.47,1196.47,6.08006705063815e-06,0.00045703689557160415,9.140749026705478e-05,profit_target,1
2024-08-15,2024-08-16,1208.06,1203.06,3.3584082332979324e-06,0.00019574617849268884,3.914926199437853e-05,profit_target,1
2024-08-16,2024-08-17,1205.44,1200.44,1.8466254024214826e-06,0.00016187262991969564,3.2374537940667955e-05,profit_target,1
2024-08-17,2024-08-19,1219.18,1214.18,8.76271977755743e-07,8.701793694126868e-05,1.740359043830946e-05,profit_target,2
2024-08-18,2024-08-19,1209.56,1204.56,1.0258708572851132e-06,0.00010205891823483309,2.0411787834938277e-05,profit_target,1
2024-08-19,2024-08-20,1230.11,1225.11,4.605345313257156e-08,-7.324464382341443e-05,-1.4648928899609639e-05,stop_loss,1
2024-08-20,2024-08-21,1201.51,1196.51,1.8296107128348214e-07,1.60642935471557e-05,3.2128588269967584e-06,profit_target,1
2024-08-21,2024-08-22,1206.52,1201.52,5.681837541203101e-08,3.3698370208015205e-06,6.739674118190508e-07,profit_target,1
2024-08-22,2024-08-24,1250.73,1245.73,7.06784294306613e-07,-0.00021134699111858212,-4.226940419878663e-05,stop_loss,2
2024-08-23,2024-08-25,1229.1,1224.1,7.192437594645085e-07,4.668664679083261e-05,9.337330701329889e-06,profit_target,2
2024-08-24,2024-08-25,1215.78,1210.78,8.192001509748617e-07,6.451664280483562e-05,1.2903330675049212e-05,profit_target,1
2024-08-25,2024-08-26,1228.07,1223.07,6.233246412921446e-07,3.6806886595663896e-05,7.361378236838469e-06,profit_target,1
2024-08-26,2024-08-27,1232.81,1227.81,5.579705786817846e-07,3.770859698752006e-05,7.541720239115614e-06,profit_target,1
2024-08-27,2024-08-28,1242.24,1237.24,5.378109022937977e-07,4.039084783914115e-05,8.078170436733857e-06,profit_target,1
2024-08-28,2024-08-29,1254.74,1249.74,4.883021139709246e-07,3.850689919663119e-05,7.701380591446323e-06,profit_target,1
2024-08-29,2024-08-30,1270.28,1265.28,4.5828167650884693e-07,4.2291355312867635e-05,8.458271837827726e-06,profit_target,1
2024-08-30,2024-08-31,1297.36,1292.36,3.441560234997116e-07,3.219656599143921e-05,6.439313641513558e-06,profit_target,1
2024-08-31,2024-09-02,1308.38,1303.38,8.212831212062662e-08,7.788046594042752e-06,1.5576093443933157e-06,profit_target,2
2024-09-01,2024-09-02,1304.08,1299.08,7.583698415377342e-08,7.002550225934153e-06,1.4005100664289225e-06,profit_target,1
2024-09-02,2024-09-03,1321.4,1316.4,3.64413137196371e-08,3.446749883910391e-06,6.89349981806242e-07,profit_target,1
2024-09-03,2024-09-04,1368.42,1363.42,8.993602908410181e-08,5.300149340069018e-06,1.0600298870807793e-06,profit_target,1
2024-09-04,2024-09-05,1366.71,1361.71,5.6930631857030563e-08,-2.473427813527555e-05,-4.946855683380634e-06,stop_loss,1
2024-09-05,2024-09-06,1344.15,1339.15,1.2222580376104806e-07,9.971630729676736e-06,1.9943261946869717e-06,profit_target,1
2024-09-06,2024-09-08,1373.45,1368.45,2.412331215664775e-07,-0.001856067836419944,-0.00037121358519379117,stop_loss,2
2024-09-07,2024-09-08,1370.84,1365.84,2.537694942082944e-07,-0.00235970301992843,-0.0004719406279385129,stop_loss,1
2024-09-08,2024-09-09,1320.76,1315.76,2.9870860187885314e-06,0.0002196583521735506,4.39316966802615e-05,profit_target,1
2024-09-09,2024-09-11,1342.54,1337.54,3.7862277999836094e-06,0.00028089006642652054,5.617805582588745e-05,profit_target,2
2024-09-10,2024-09-11,1330.48,1325.48,1.966605139860911e-06,0.00011809757303759302,2.3619523897574027e-05,profit_target,1
2024-09-11,2024-09-12,1328.9,1323.9,1.1267006992695511e-06,7.933311452770699e-05,1.586662648092923e-05,profit_target,1
2024-09-12,2024-09-13,1339.06,1334.06,9.49623527637353e-07,5.26100317149703e-05,1.0522008341383397e-05,profit_target,1
2024-09-13,2024-09-14,1345.18,1340.18,9.504573612573695e-07,6.989670292180264e-05,1.3979343241714466e-05,profit_target,1
2024-09-14,2024-09-16,1363.57,1358.57,1.1258160360304564e-06,7.60778592456742e-05,1.5215575275122568e-05,profit_target,2
2024-09-15,2024-09-16,1354.51,1349.51,1.2874478387946294e-06,9.30435852447239e-05,1.8608721840496524e-05,profit_target,1
2024-09-16,2024-09-18,1369.24,1364.24,1.2728310073171285e-06,0.0001103770376220281,2.207541314405969e-05,profit_target,2
2024-09-17,2024-09-18,1363.98,1358.98,1.1008620758058956e-06,8.923073976427451e-05,1.7846151882085262e-05,profit_target,1
2024-09-18,2024-09-19,1383.14,1378.14,9.765839019304132e-07,9.29568147851508e-05,1.8591366588236026e-05,profit_target,1
2024-09-19,2024-09-20,1399.78,1394.78,2.1837621776960812e-07,-8.796267932709688e-05,-1.7592536633777698e-05,stop_loss,1
2024-09-20,2024-09-21,1378.29,1373.29,5.246518353904433e-07,5.15920243679641e-05,1.0318405956306945e-05,profit_target,1
2024-09-21,2024-09-23,1407.02,1402.02,9.853159317087167e-08,9.38584341511044e-06,1.8771687200141726e-06,profit_target,2
2024-09-22,2024-09-23,1395.22,1390.22,4.358355143698095e-08,3.975542182907679e-06,7.951084435122658e-07,profit_target,1
2024-09-23,2024-09-24,1416.78,1411.78,3.03068005684968e-08,2.2738780290257093e-06,4.5477560856170053e-07,profit_target,1
2024-09-24,2024-09-25,1428.05,1423.05,2.8906456678887134e-08,2.1733645563398576e-06,4.346729137809422e-07,profit_target,1
2024-09-25,2024-09-29,1478.13,1473.13,2.4637359800271054e-07,1.7423216785604143e-05,3.484643528825661e-06,profit_target,4
2024-09-26,2024-09-29,1473.35,1468.35,2.9391906535499476e-07,1.9699996561216147e-05,3.939999543851426e-06,profit_target,3
2024-09-27,2024-09-29,1465.36,1460.36,3.6256243433289287e-07,2.575023860592987e-05,5.1500480946287695e-06,profit_target,2
2024-09-28,2024-09-30,1466.34,1461.34,3.362597395547526e-07,2.9915898904665778e-05,5.983180183313677e-06,profit_target,2
2024-09-29,2024-09-30,1459.83,1454.83,2.1450662819383261e-07,1.7013495799343144e-05,3.4026993058489396e-06,profit_target,1
2024-09-30,2024-10-01,1483.1,1478.1,2.807191568179087e-07,-0.0008745056284555279,-0.00017490113551072543,stop_loss,1
2024-10-01,2024-10-02,1441.46,1436.46,1.878833547569209e-06,-0.000507875723671766,-0.00010157518290292546,stop_loss,1
2024-10-02,2024-10-04,1416.1,1411.1,3.1240902021015043e-06,0.00025207843618308247,5.0415718737267074e-05,profit_target,2
2024-10-03,2024-10-04,1390.6,1385.6,8.778063486042462e-07,6.349562121588456e-05,1.2699126472651682e-05,profit_target,1
2024-10-04,2024-10-05,1415.88,1410.88,1.4870439430695551e-06,0.00012492310753372442,2.498462893739311e-05,profit_target,1
2024-10-05,2024-10-06,1461.39,1456.39,3.5513915786335257e-06,0.00022067723708477658,4.413547876542884e-05,profit_target,1
2024-10-06,2024-10-08,1460.77,1455.77,2.0078234562624295e-06,0.00019850920370026622,3.970185668291706e-05,profit_target,2
2024-10-07,2024-10-08,1457.74,1452.74,2.012760673094087e-06,0.000197919753807562,3.958396669612269e-05,profit_target,1
2024-10-08,2024-10-09,1461.31,1456.31,7.204579191449922e-08,6.302937273843558e-06,1.2605874729327162e-06,profit_target,1
2024-10-09,2024-10-10,1493.39,1488.39,1.1071156064595332e-07,-2.7143386243227296e-05,-5.428677368848928e-06,stop_loss,1
2024-10-10,2024-10-11,1470.82,1465.82,1.7613190099063128e-07,1.0994298798992801e-05,2.198859837256433e-06,profit_target,1
2024-10-11,2024-10-12,1477.96,1472.96,1.6836198969807968e-07,1.3527193348142212e-05,2.705438760727053e-06,profit_target,1
2024-10-12,2024-10-13,1506.63,1501.63,2.8162930735986416e-07,1.9791370153957426e-05,3.958274253744692e-06,profit_target,1
2024-10-13,2024-10-14,1520.66,1515.66,2.9942039651751587e-07,2.0217403435378786e-05,4.043480929215889e-06,profit_target,1
2024-10-14,2024-10-15,1528.23,1523.23,2.444840962714985e-07,2.0753553586992052e-05,4.150710920354972e-06,profit_target,1
2024-10-15,2024-10-16,1557.66,1552.66,3.0697807750747414e-07,-0.019802680300048142,-0.003960536303169193,stop_loss,1
2024-10-16,2024-10-17,1484.8,1479.8,1.880043385439796e-05,0.001259429481352439,0.00025188684338687536,profit_target,1
2024-10-17,2024-10-19,1505.04,1500.04,2.025943993042706e-05,-0.029800441827692453,-0.005960112515246786,stop_loss,2
2024-10-18,2024-10-19,1489.29,1484.29,2.157388349316447e-05,-0.02280975685752805,-0.004561971055392019,stop_loss,1
2024-10-19,2024-10-20,1441.32,1436.32,6.374643683601869e-05,0.0042713276073746975,0.0008542764128904185,profit_target,1
2024-10-20,2024-10-21,1457.13,1452.13,5.3335119423078906e-05,0.004187038196542311,0.0008374165720510375,profit_target,1
2024-10-24,2024-10-25,1566.5,1561.5,0.00011484112684304743,0.010069563481761738,0.0020139589534154726,profit_target,1
2024-10-25,2024-10-26,1605.5,1600.5,7.415025576727394e-05,0.005392704449286995,0.0010785568849111741,profit_target,1
2024-10-26,2024-10-27,1655.69,1650.69,0.00013334907424542713,0.008581813133884224,0.0017164084030711602,profit_target,1
2024-10-27,2024-10-29,1680.51,1675.51,0.00013554873748477386,-0.03581375179383184,-0.007162944544384302,stop_loss,2
2024-10-28,2024-10-29,1683.2,1678.2,0.00013491811736680154,-0.054703343129963,-0.01094096385284164,stop_loss,1
2024-10-29,2024-10-31,1637.33,1632.33,0.00026299987449275586,0.007762617382314763,0.0015526051434545255,backtest_end,2
2024-10-30,2024-10-31,1632.7,1627.7,0.0002442318246040076,0.0028386734774094036,0.0005677624286126571,backtest_end,1
2024-10-31,2024-10-31,1609.92,1604.92,0.0001467868611495851,0.0,0.0,backtest_end,0
